DateTime, Jsn (W/m2)
06/30/2017 16:30:00, 758.000
06/30/2017 17:00:00, 623.200
06/30/2017 17:30:00, 318.600
06/30/2017 18:00:00, 173.100
06/30/2017 18:30:00, 372.900
06/30/2017 19:00:00, 362.100
06/30/2017 19:30:00, 225.600
06/30/2017 20:00:00, 303.000
06/30/2017 20:30:00, 359.900
06/30/2017 21:00:00, 152.600
06/30/2017 21:30:00, 46.960
06/30/2017 22:00:00, 78.670
06/30/2017 22:30:00, 86.500
06/30/2017 23:00:00, 62.630
06/30/2017 23:30:00, 38.420
07/01/2017 00:00:00, 16.510
07/01/2017 00:30:00, 12.690
07/01/2017 01:00:00, 11.930
07/01/2017 01:30:00, 17.910
07/01/2017 02:00:00, 16.670
07/01/2017 02:30:00, 17.580
07/01/2017 03:00:00, 22.270
07/01/2017 03:30:00, 33.830
07/01/2017 04:00:00, 45.090
07/01/2017 04:30:00, 60.870
07/01/2017 05:00:00, 77.770
07/01/2017 05:30:00, 104.600
07/01/2017 06:00:00, 129.600
07/01/2017 06:30:00, 148.000
07/01/2017 07:00:00, 172.700
07/01/2017 07:30:00, 240.200
07/01/2017 08:00:00, 313.600
07/01/2017 08:30:00, 235.800
07/01/2017 09:00:00, 148.600
07/01/2017 09:30:00, 180.700
07/01/2017 10:00:00, 141.300
07/01/2017 10:30:00, 221.600
07/01/2017 11:00:00, 234.800
07/01/2017 11:30:00, 183.400
07/01/2017 12:00:00, 478.400
07/01/2017 12:30:00, 628.400
07/01/2017 13:00:00, 408.100
07/01/2017 13:30:00, 201.800
07/01/2017 14:00:00, 95.900
07/01/2017 14:30:00, 167.300
07/01/2017 15:00:00, 577.900
07/01/2017 15:30:00, 325.100
07/01/2017 16:00:00, 227.500
07/01/2017 16:30:00, 356.000
07/01/2017 17:00:00, 210.800
07/01/2017 17:30:00, 36.010
07/01/2017 18:00:00, 29.720
07/01/2017 18:30:00, 40.910
07/01/2017 19:00:00, 77.500
07/01/2017 19:30:00, 150.500
07/01/2017 20:00:00, 169.100
07/01/2017 20:30:00, 139.700
07/01/2017 21:00:00, 118.100
07/01/2017 21:30:00, 132.700
07/01/2017 22:00:00, 92.100
07/01/2017 22:30:00, 57.720
07/01/2017 23:00:00, 57.560
07/01/2017 23:30:00, 55.630
07/02/2017 00:00:00, 14.160
07/02/2017 00:30:00, 6.930
07/02/2017 01:00:00, 8.710
07/02/2017 01:30:00, 4.400
07/02/2017 02:00:00, 6.347
07/02/2017 02:30:00, 10.390
07/02/2017 03:00:00, 13.040
07/02/2017 03:30:00, 13.860
07/02/2017 04:00:00, 18.190
07/02/2017 04:30:00, 12.240
07/02/2017 05:00:00, 5.408
07/02/2017 05:30:00, 9.660
07/02/2017 06:00:00, 10.290
07/02/2017 06:30:00, 10.510
07/02/2017 07:00:00, 13.000
07/02/2017 07:30:00, 21.750
07/02/2017 08:00:00, 23.840
07/02/2017 08:30:00, 45.210
07/02/2017 09:00:00, 50.340
07/02/2017 09:30:00, 68.740
07/02/2017 10:00:00, 101.500
07/02/2017 10:30:00, 128.500
07/02/2017 11:00:00, 124.600
07/02/2017 11:30:00, 107.600
07/02/2017 12:00:00, 125.400
07/02/2017 12:30:00, 105.900
07/02/2017 13:00:00, 87.400
07/02/2017 13:30:00, 83.000
07/02/2017 14:00:00, 78.590
07/02/2017 14:30:00, 70.470
07/02/2017 15:00:00, 77.540
07/02/2017 15:30:00, 83.800
07/02/2017 16:00:00, 67.620
07/02/2017 16:30:00, 64.640
07/02/2017 17:00:00, 59.130
07/02/2017 17:30:00, 47.340
07/02/2017 18:00:00, 58.110
07/02/2017 18:30:00, 27.090
07/02/2017 19:00:00, 46.710
07/02/2017 19:30:00, 25.450
07/02/2017 20:00:00, 26.690
07/02/2017 20:30:00, 15.760
07/02/2017 21:00:00, 12.340
07/02/2017 21:30:00, 8.580
07/02/2017 22:00:00, 9.550
07/02/2017 22:30:00, 10.150
07/02/2017 23:00:00, 10.040
07/02/2017 23:30:00, 5.029
07/03/2017 00:00:00, 3.421
07/03/2017 00:30:00, 2.516
07/03/2017 01:00:00, 2.577
07/03/2017 01:30:00, 2.187
07/03/2017 02:00:00, 1.751
07/03/2017 02:30:00, 1.269
07/03/2017 03:00:00, 2.053
07/03/2017 03:30:00, 1.544
07/03/2017 04:00:00, 1.367
07/03/2017 04:30:00, 2.106
07/03/2017 05:00:00, 2.725
07/03/2017 05:30:00, 5.658
07/03/2017 06:00:00, 10.310
07/03/2017 06:30:00, 12.480
07/03/2017 07:00:00, 13.730
07/03/2017 07:30:00, 18.580
07/03/2017 08:00:00, 25.290
07/03/2017 08:30:00, 32.580
07/03/2017 09:00:00, 22.550
07/03/2017 09:30:00, 34.460
07/03/2017 10:00:00, 51.230
07/03/2017 10:30:00, 85.500
07/03/2017 11:00:00, 70.900
07/03/2017 11:30:00, 67.460
07/03/2017 12:00:00, 72.140
07/03/2017 12:30:00, 83.200
07/03/2017 13:00:00, 95.700
07/03/2017 13:30:00, 114.800
07/03/2017 14:00:00, 96.600
07/03/2017 14:30:00, 104.000
07/03/2017 15:00:00, 100.400
07/03/2017 15:30:00, 214.300
07/03/2017 16:00:00, 147.400
07/03/2017 16:30:00, 125.900
07/03/2017 17:00:00, 165.300
07/03/2017 17:30:00, 118.000
07/03/2017 18:00:00, 111.800
07/03/2017 18:30:00, 95.700
07/03/2017 19:00:00, 138.800
07/03/2017 19:30:00, 80.500
07/03/2017 20:00:00, 69.150
07/03/2017 20:30:00, 70.580
07/03/2017 21:00:00, 59.090
07/03/2017 21:30:00, 47.000
07/03/2017 22:00:00, 41.630
07/03/2017 22:30:00, 27.710
07/03/2017 23:00:00, 23.790
07/03/2017 23:30:00, 23.970
07/04/2017 00:00:00, 22.090
07/04/2017 00:30:00, 29.340
07/04/2017 01:00:00, 40.070
07/04/2017 01:30:00, 30.380
07/04/2017 02:00:00, 24.790
07/04/2017 02:30:00, 20.330
07/04/2017 03:00:00, 24.360
07/04/2017 03:30:00, 31.570
07/04/2017 04:00:00, 45.400
07/04/2017 04:30:00, 61.250
07/04/2017 05:00:00, 82.100
07/04/2017 05:30:00, 105.000
07/04/2017 06:00:00, 137.300
07/04/2017 06:30:00, 174.200
07/04/2017 07:00:00, 217.700
07/04/2017 07:30:00, 257.100
07/04/2017 08:00:00, 307.600
07/04/2017 08:30:00, 345.600
07/04/2017 09:00:00, 384.800
07/04/2017 09:30:00, 451.800
07/04/2017 10:00:00, 281.800
07/04/2017 10:30:00, 367.700
07/04/2017 11:00:00, 535.400
07/04/2017 11:30:00, 565.200
07/04/2017 12:00:00, 552.700
07/04/2017 12:30:00, 656.300
07/04/2017 13:00:00, 677.000
07/04/2017 13:30:00, 717.400
07/04/2017 14:00:00, 720.700
07/04/2017 14:30:00, 724.700
07/04/2017 15:00:00, 703.700
07/04/2017 15:30:00, 687.200
07/04/2017 16:00:00, 506.200
07/04/2017 16:30:00, 513.000
07/04/2017 17:00:00, 409.200
07/04/2017 17:30:00, 142.800
07/04/2017 18:00:00, 193.500
07/04/2017 18:30:00, 123.600
07/04/2017 19:00:00, 226.800
07/04/2017 19:30:00, 137.100
07/04/2017 20:00:00, 77.090
07/04/2017 20:30:00, 81.000
07/04/2017 21:00:00, 47.460
07/04/2017 21:30:00, 55.310
07/04/2017 22:00:00, 57.450
07/04/2017 22:30:00, 45.620
07/04/2017 23:00:00, 65.580
07/04/2017 23:30:00, 40.020
07/05/2017 00:00:00, 28.310
07/05/2017 00:30:00, 14.370
07/05/2017 01:00:00, 8.670
07/05/2017 01:30:00, 4.484
07/05/2017 02:00:00, 0.866
07/05/2017 02:30:00, 1.069
07/05/2017 03:00:00, 2.731
07/05/2017 03:30:00, 2.295
07/05/2017 04:00:00, 4.105
07/05/2017 04:30:00, 7.530
07/05/2017 05:00:00, 10.210
07/05/2017 05:30:00, 20.020
07/05/2017 06:00:00, 22.890
07/05/2017 06:30:00, 25.100
07/05/2017 07:00:00, 39.410
07/05/2017 07:30:00, 91.900
07/05/2017 08:00:00, 101.800
07/05/2017 08:30:00, 122.900
07/05/2017 09:00:00, 91.300
07/05/2017 09:30:00, 100.500
07/05/2017 10:00:00, 151.900
07/05/2017 10:30:00, 107.800
07/05/2017 11:00:00, 271.400
07/05/2017 11:30:00, 536.300
07/05/2017 12:00:00, 412.700
07/05/2017 12:30:00, 316.700
07/05/2017 13:00:00, 277.900
07/05/2017 13:30:00, 487.700
07/05/2017 14:00:00, 606.000
07/05/2017 14:30:00, 338.100
07/05/2017 15:00:00, 435.700
07/05/2017 15:30:00, 513.800
07/05/2017 16:00:00, 315.000
07/05/2017 16:30:00, 327.700
07/05/2017 17:00:00, 413.800
07/05/2017 17:30:00, 576.100
07/05/2017 18:00:00, 462.600
07/05/2017 18:30:00, 413.200
07/05/2017 19:00:00, 372.800
07/05/2017 19:30:00, 242.500
07/05/2017 20:00:00, 192.700
07/05/2017 20:30:00, 199.700
07/05/2017 21:00:00, 255.500
07/05/2017 21:30:00, 178.100
07/05/2017 22:00:00, 118.700
07/05/2017 22:30:00, 145.500
07/05/2017 23:00:00, 129.400
07/05/2017 23:30:00, 95.200
07/06/2017 00:00:00, 51.180
07/06/2017 00:30:00, 24.240
07/06/2017 01:00:00, 18.040
07/06/2017 01:30:00, 18.350
07/06/2017 02:00:00, 11.640
07/06/2017 02:30:00, 9.340
07/06/2017 03:00:00, 10.590
07/06/2017 03:30:00, 16.930
07/06/2017 04:00:00, 24.280
07/06/2017 04:30:00, 46.400
07/06/2017 05:00:00, 43.080
07/06/2017 05:30:00, 72.830
07/06/2017 06:00:00, 115.500
07/06/2017 06:30:00, 161.800
07/06/2017 07:00:00, 136.200
07/06/2017 07:30:00, 233.100
07/06/2017 08:00:00, 179.100
07/06/2017 08:30:00, 186.300
07/06/2017 09:00:00, 321.500
07/06/2017 09:30:00, 492.500
07/06/2017 10:00:00, 475.700
07/06/2017 10:30:00, 414.300
07/06/2017 11:00:00, 573.300
07/06/2017 11:30:00, 609.200
07/06/2017 12:00:00, 598.900
07/06/2017 12:30:00, 592.000
07/06/2017 13:00:00, 598.900
07/06/2017 13:30:00, 606.600
07/06/2017 14:00:00, 631.500
07/06/2017 14:30:00, 490.800
07/06/2017 15:00:00, 367.900
07/06/2017 15:30:00, 318.800
07/06/2017 16:00:00, 351.700
07/06/2017 16:30:00, 361.600
07/06/2017 17:00:00, 321.900
07/06/2017 17:30:00, 365.000
07/06/2017 18:00:00, 560.100
07/06/2017 18:30:00, 507.700
07/06/2017 19:00:00, 329.000
07/06/2017 19:30:00, 358.300
07/06/2017 20:00:00, 248.800
07/06/2017 20:30:00, 245.100
07/06/2017 21:00:00, 319.400
07/06/2017 21:30:00, 216.900
07/06/2017 22:00:00, 122.700
07/06/2017 22:30:00, 134.900
07/06/2017 23:00:00, 85.600
07/06/2017 23:30:00, 86.500
07/07/2017 00:00:00, 65.520
07/07/2017 00:30:00, 51.530
07/07/2017 01:00:00, 26.720
07/07/2017 01:30:00, 17.230
07/07/2017 02:00:00, 13.090
07/07/2017 02:30:00, 11.840
07/07/2017 03:00:00, 13.700
07/07/2017 03:30:00, 21.500
07/07/2017 04:00:00, 10.820
07/07/2017 04:30:00, 18.570
07/07/2017 05:00:00, 70.770
07/07/2017 05:30:00, 99.900
07/07/2017 06:00:00, 124.600
07/07/2017 06:30:00, 161.600
07/07/2017 07:00:00, 196.700
07/07/2017 07:30:00, 238.700
07/07/2017 08:00:00, 283.300
07/07/2017 08:30:00, 329.200
07/07/2017 09:00:00, 383.600
07/07/2017 09:30:00, 434.700
07/07/2017 10:00:00, 482.700
07/07/2017 10:30:00, 525.400
07/07/2017 11:00:00, 565.200
07/07/2017 11:30:00, 600.300
07/07/2017 12:00:00, 631.200
07/07/2017 12:30:00, 660.200
07/07/2017 13:00:00, 680.400
07/07/2017 13:30:00, 680.100
07/07/2017 14:00:00, 701.100
07/07/2017 14:30:00, 658.200
07/07/2017 15:00:00, 601.000
07/07/2017 15:30:00, 687.900
07/07/2017 16:00:00, 661.400
07/07/2017 16:30:00, 646.300
07/07/2017 17:00:00, 618.700
07/07/2017 17:30:00, 581.900
07/07/2017 18:00:00, 541.500
07/07/2017 18:30:00, 498.600
07/07/2017 19:00:00, 454.000
07/07/2017 19:30:00, 408.900
07/07/2017 20:00:00, 360.300
07/07/2017 20:30:00, 312.200
07/07/2017 21:00:00, 263.300
07/07/2017 21:30:00, 216.900
07/07/2017 22:00:00, 174.600
07/07/2017 22:30:00, 140.000
07/07/2017 23:00:00, 105.000
07/07/2017 23:30:00, 74.930
07/08/2017 00:00:00, 41.850
07/08/2017 00:30:00, 24.900
07/08/2017 01:00:00, 17.700
07/08/2017 01:30:00, 8.870
07/08/2017 02:00:00, 8.290
07/08/2017 02:30:00, 12.030
07/08/2017 03:00:00, 18.290
07/08/2017 03:30:00, 25.610
07/08/2017 04:00:00, 37.730
07/08/2017 04:30:00, 51.920
07/08/2017 05:00:00, 71.460
07/08/2017 05:30:00, 93.600
07/08/2017 06:00:00, 120.700
07/08/2017 06:30:00, 153.300
07/08/2017 07:00:00, 187.300
07/08/2017 07:30:00, 225.200
07/08/2017 08:00:00, 273.500
07/08/2017 08:30:00, 323.100
07/08/2017 09:00:00, 367.500
07/08/2017 09:30:00, 412.600
07/08/2017 10:00:00, 458.400
07/08/2017 10:30:00, 503.400
07/08/2017 11:00:00, 545.500
07/08/2017 11:30:00, 581.700
07/08/2017 12:00:00, 617.700
07/08/2017 12:30:00, 644.100
07/08/2017 13:00:00, 658.600
07/08/2017 13:30:00, 667.800
07/08/2017 14:00:00, 687.400
07/08/2017 14:30:00, 691.100
07/08/2017 15:00:00, 702.800
07/08/2017 15:30:00, 698.400
07/08/2017 16:00:00, 667.000
07/08/2017 16:30:00, 635.300
07/08/2017 17:00:00, 616.400
07/08/2017 17:30:00, 575.400
07/08/2017 18:00:00, 542.100
07/08/2017 18:30:00, 516.400
07/08/2017 19:00:00, 388.500
07/08/2017 19:30:00, 418.400
07/08/2017 20:00:00, 349.400
07/08/2017 20:30:00, 302.000
07/08/2017 21:00:00, 257.800
07/08/2017 21:30:00, 215.600
07/08/2017 22:00:00, 174.200
07/08/2017 22:30:00, 134.800
07/08/2017 23:00:00, 98.600
07/08/2017 23:30:00, 74.500
07/09/2017 00:00:00, 61.490
07/09/2017 00:30:00, 45.530
07/09/2017 01:00:00, 30.590
07/09/2017 01:30:00, 23.610
07/09/2017 02:00:00, 14.370
07/09/2017 02:30:00, 12.010
07/09/2017 03:00:00, 17.630
07/09/2017 03:30:00, 21.660
07/09/2017 04:00:00, 25.810
07/09/2017 04:30:00, 46.120
07/09/2017 05:00:00, 61.140
07/09/2017 05:30:00, 82.200
07/09/2017 06:00:00, 92.400
07/09/2017 06:30:00, 70.950
07/09/2017 07:00:00, 92.200
07/09/2017 07:30:00, 56.770
07/09/2017 08:00:00, 48.060
07/09/2017 08:30:00, 74.680
07/09/2017 09:00:00, 146.700
07/09/2017 09:30:00, 231.100
07/09/2017 10:00:00, 223.100
07/09/2017 10:30:00, 379.700
07/09/2017 11:00:00, 404.000
07/09/2017 11:30:00, 446.900
07/09/2017 12:00:00, 329.900
07/09/2017 12:30:00, 400.900
07/09/2017 13:00:00, 392.000
07/09/2017 13:30:00, 329.300
07/09/2017 14:00:00, 316.400
07/09/2017 14:30:00, 142.700
07/09/2017 15:00:00, 219.100
07/09/2017 15:30:00, 515.800
07/09/2017 16:00:00, 464.800
07/09/2017 16:30:00, 420.600
07/09/2017 17:00:00, 420.600
07/09/2017 17:30:00, 263.700
07/09/2017 18:00:00, 209.100
07/09/2017 18:30:00, 226.300
07/09/2017 19:00:00, 124.200
07/09/2017 19:30:00, 178.700
07/09/2017 20:00:00, 128.700
07/09/2017 20:30:00, 56.680
07/09/2017 21:00:00, 65.510
07/09/2017 21:30:00, 45.440
07/09/2017 22:00:00, 70.640
07/09/2017 22:30:00, 30.330
07/09/2017 23:00:00, 43.380
07/09/2017 23:30:00, 37.010
07/10/2017 00:00:00, 19.760
07/10/2017 00:30:00, 15.240
07/10/2017 01:00:00, 11.570
07/10/2017 01:30:00, 7.394
07/10/2017 02:00:00, 3.602
07/10/2017 02:30:00, 4.525
07/10/2017 03:00:00, 5.414
07/10/2017 03:30:00, 7.352
07/10/2017 04:00:00, 11.020
07/10/2017 04:30:00, 21.640
07/10/2017 05:00:00, 33.130
07/10/2017 05:30:00, 44.920
07/10/2017 06:00:00, 63.040
07/10/2017 06:30:00, 77.870
07/10/2017 07:00:00, 117.900
07/10/2017 07:30:00, 150.900
07/10/2017 08:00:00, 214.100
07/10/2017 08:30:00, 241.200
07/10/2017 09:00:00, 234.300
07/10/2017 09:30:00, 255.900
07/10/2017 10:00:00, 207.800
07/10/2017 10:30:00, 277.500
07/10/2017 11:00:00, 305.100
07/10/2017 11:30:00, 479.600
07/10/2017 12:00:00, 563.800
07/10/2017 12:30:00, 535.800
07/10/2017 13:00:00, 666.000
07/10/2017 13:30:00, 518.100
07/10/2017 14:00:00, 570.900
07/10/2017 14:30:00, 309.700
07/10/2017 15:00:00, 323.700
07/10/2017 15:30:00, 181.400
07/10/2017 16:00:00, 151.600
07/10/2017 16:30:00, 142.000
07/10/2017 17:00:00, 81.100
07/10/2017 17:30:00, 59.480
07/10/2017 18:00:00, 83.400
07/10/2017 18:30:00, 93.900
07/10/2017 19:00:00, 86.900
07/10/2017 19:30:00, 84.300
07/10/2017 20:00:00, 57.310
07/10/2017 20:30:00, 44.990
07/10/2017 21:00:00, 37.460
07/10/2017 21:30:00, 28.170
07/10/2017 22:00:00, 25.110
07/10/2017 22:30:00, 23.970
07/10/2017 23:00:00, 20.700
07/10/2017 23:30:00, 15.720
07/11/2017 00:00:00, 13.110
07/11/2017 00:30:00, 9.470
07/11/2017 01:00:00, 5.468
07/11/2017 01:30:00, 3.280
07/11/2017 02:00:00, 2.585
07/11/2017 02:30:00, 2.620
07/11/2017 03:00:00, 2.729
07/11/2017 03:30:00, 2.831
07/11/2017 04:00:00, 3.473
07/11/2017 04:30:00, 5.492
07/11/2017 05:00:00, 8.880
07/11/2017 05:30:00, 11.460
07/11/2017 06:00:00, 16.390
07/11/2017 06:30:00, 30.480
07/11/2017 07:00:00, 49.410
07/11/2017 07:30:00, 85.700
07/11/2017 08:00:00, 95.800
07/11/2017 08:30:00, 132.700
07/11/2017 09:00:00, 150.900
07/11/2017 09:30:00, 186.100
07/11/2017 10:00:00, 208.700
07/11/2017 10:30:00, 235.400
07/11/2017 11:00:00, 268.500
07/11/2017 11:30:00, 275.100
07/11/2017 12:00:00, 292.400
07/11/2017 12:30:00, 358.800
07/11/2017 13:00:00, 413.000
07/11/2017 13:30:00, 499.300
07/11/2017 14:00:00, 521.400
07/11/2017 14:30:00, 495.900
07/11/2017 15:00:00, 572.800
07/11/2017 15:30:00, 569.500
07/11/2017 16:00:00, 594.000
07/11/2017 16:30:00, 536.400
07/11/2017 17:00:00, 521.400
07/11/2017 17:30:00, 498.500
07/11/2017 18:00:00, 458.100
07/11/2017 18:30:00, 375.400
07/11/2017 19:00:00, 371.600
07/11/2017 19:30:00, 291.700
07/11/2017 20:00:00, 171.700
07/11/2017 20:30:00, 177.200
07/11/2017 21:00:00, 183.900
07/11/2017 21:30:00, 105.400
07/11/2017 22:00:00, 70.880
07/11/2017 22:30:00, 54.070
07/11/2017 23:00:00, 33.910
07/11/2017 23:30:00, 18.550
07/12/2017 00:00:00, 12.640
07/12/2017 00:30:00, 7.674
07/12/2017 01:00:00, 4.051
07/12/2017 01:30:00, 4.107
07/12/2017 02:00:00, 3.089
07/12/2017 02:30:00, 2.989
07/12/2017 03:00:00, 3.876
07/12/2017 03:30:00, 6.746
07/12/2017 04:00:00, 8.870
07/12/2017 04:30:00, 12.390
07/12/2017 05:00:00, 16.210
07/12/2017 05:30:00, 24.420
07/12/2017 06:00:00, 39.040
07/12/2017 06:30:00, 60.560
07/12/2017 07:00:00, 122.100
07/12/2017 07:30:00, 142.900
07/12/2017 08:00:00, 262.700
07/12/2017 08:30:00, 267.100
07/12/2017 09:00:00, 177.600
07/12/2017 09:30:00, 174.500
07/12/2017 10:00:00, 228.700
07/12/2017 10:30:00, 335.900
07/12/2017 11:00:00, 282.000
07/12/2017 11:30:00, 161.100
07/12/2017 12:00:00, 67.390
07/12/2017 12:30:00, 15.950
07/12/2017 13:00:00, 19.620
07/12/2017 13:30:00, 25.700
07/12/2017 14:00:00, 67.410
07/12/2017 14:30:00, 120.200
07/12/2017 15:00:00, 172.200
07/12/2017 15:30:00, 305.200
07/12/2017 16:00:00, 389.600
07/12/2017 16:30:00, 355.300
07/12/2017 17:00:00, 402.800
07/12/2017 17:30:00, 260.200
07/12/2017 18:00:00, 211.300
07/12/2017 18:30:00, 169.000
07/12/2017 19:00:00, 156.700
07/12/2017 19:30:00, 194.600
07/12/2017 20:00:00, 129.300
07/12/2017 20:30:00, 118.900
07/12/2017 21:00:00, 95.000
07/12/2017 21:30:00, 101.100
07/12/2017 22:00:00, 69.640
07/12/2017 22:30:00, 27.650
07/12/2017 23:00:00, 18.950
07/12/2017 23:30:00, 18.200
07/13/2017 00:00:00, 17.360
07/13/2017 00:30:00, 14.290
07/13/2017 01:00:00, 8.570
07/13/2017 01:30:00, 5.412
07/13/2017 02:00:00, 4.417
07/13/2017 02:30:00, 4.792
07/13/2017 03:00:00, 5.733
07/13/2017 03:30:00, 9.550
07/13/2017 04:00:00, 14.050
07/13/2017 04:30:00, 24.610
07/13/2017 05:00:00, 41.630
07/13/2017 05:30:00, 66.220
07/13/2017 06:00:00, 86.600
07/13/2017 06:30:00, 113.600
07/13/2017 07:00:00, 140.500
07/13/2017 07:30:00, 170.200
07/13/2017 08:00:00, 205.300
07/13/2017 08:30:00, 246.000
07/13/2017 09:00:00, 285.800
07/13/2017 09:30:00, 341.900
07/13/2017 10:00:00, 385.300
07/13/2017 10:30:00, 410.300
07/13/2017 11:00:00, 455.800
07/13/2017 11:30:00, 493.800
07/13/2017 12:00:00, 513.000
07/13/2017 12:30:00, 521.200
07/13/2017 13:00:00, 566.000
07/13/2017 13:30:00, 594.600
07/13/2017 14:00:00, 599.800
07/13/2017 14:30:00, 600.300
07/13/2017 15:00:00, 591.800
07/13/2017 15:30:00, 588.800
07/13/2017 16:00:00, 572.100
07/13/2017 16:30:00, 555.800
07/13/2017 17:00:00, 519.600
07/13/2017 17:30:00, 502.400
07/13/2017 18:00:00, 456.700
07/13/2017 18:30:00, 410.400
07/13/2017 19:00:00, 369.700
07/13/2017 19:30:00, 316.100
07/13/2017 20:00:00, 275.100
07/13/2017 20:30:00, 231.600
07/13/2017 21:00:00, 188.300
07/13/2017 21:30:00, 149.500
07/13/2017 22:00:00, 116.600
07/13/2017 22:30:00, 87.200
07/13/2017 23:00:00, 63.690
07/13/2017 23:30:00, 43.270
07/14/2017 00:00:00, 30.230
07/14/2017 00:30:00, 20.020
07/14/2017 01:00:00, 10.830
07/14/2017 01:30:00, 6.527
07/14/2017 02:00:00, 5.443
07/14/2017 02:30:00, 5.035
07/14/2017 03:00:00, 5.557
07/14/2017 03:30:00, 8.920
07/14/2017 04:00:00, 15.950
07/14/2017 04:30:00, 25.660
07/14/2017 05:00:00, 39.680
07/14/2017 05:30:00, 59.160
07/14/2017 06:00:00, 81.400
07/14/2017 06:30:00, 108.900
07/14/2017 07:00:00, 141.000
07/14/2017 07:30:00, 175.700
07/14/2017 08:00:00, 216.100
07/14/2017 08:30:00, 256.300
07/14/2017 09:00:00, 295.300
07/14/2017 09:30:00, 338.600
07/14/2017 10:00:00, 382.100
07/14/2017 10:30:00, 428.200
07/14/2017 11:00:00, 473.100
07/14/2017 11:30:00, 510.200
07/14/2017 12:00:00, 541.300
07/14/2017 12:30:00, 570.700
07/14/2017 13:00:00, 593.700
07/14/2017 13:30:00, 602.300
07/14/2017 14:00:00, 632.500
07/14/2017 14:30:00, 630.100
07/14/2017 15:00:00, 625.000
07/14/2017 15:30:00, 395.000
07/14/2017 16:00:00, 422.300
07/14/2017 16:30:00, 320.800
07/14/2017 17:00:00, 280.500
07/14/2017 17:30:00, 249.200
07/14/2017 18:00:00, 183.800
07/14/2017 18:30:00, 91.500
07/14/2017 19:00:00, 187.800
07/14/2017 19:30:00, 226.200
07/14/2017 20:00:00, 178.100
07/14/2017 20:30:00, 139.700
07/14/2017 21:00:00, 107.600
07/14/2017 21:30:00, 89.400
07/14/2017 22:00:00, 47.870
07/14/2017 22:30:00, 35.480
07/14/2017 23:00:00, 61.370
07/14/2017 23:30:00, 58.720
07/15/2017 00:00:00, 32.570
07/15/2017 00:30:00, 24.920
07/15/2017 01:00:00, 12.660
07/15/2017 01:30:00, 6.273
07/15/2017 02:00:00, 2.610
07/15/2017 02:30:00, 1.261
07/15/2017 03:00:00, 3.420
07/15/2017 03:30:00, 6.445
07/15/2017 04:00:00, 8.420
07/15/2017 04:30:00, 5.460
07/15/2017 05:00:00, 6.808
07/15/2017 05:30:00, 11.480
07/15/2017 06:00:00, 16.230
07/15/2017 06:30:00, 24.620
07/15/2017 07:00:00, 15.350
07/15/2017 07:30:00, 22.430
07/15/2017 08:00:00, 36.750
07/15/2017 08:30:00, 48.290
07/15/2017 09:00:00, 27.110
07/15/2017 09:30:00, 91.100
07/15/2017 10:00:00, 202.200
07/15/2017 10:30:00, 235.000
07/15/2017 11:00:00, 202.000
07/15/2017 11:30:00, 433.000
07/15/2017 12:00:00, 546.100
07/15/2017 12:30:00, 464.800
07/15/2017 13:00:00, 546.900
07/15/2017 13:30:00, 531.500
07/15/2017 14:00:00, 470.700
07/15/2017 14:30:00, 587.600
07/15/2017 15:00:00, 525.900
07/15/2017 15:30:00, 503.500
07/15/2017 16:00:00, 513.400
07/15/2017 16:30:00, 354.500
07/15/2017 17:00:00, 549.300
07/15/2017 17:30:00, 484.800
07/15/2017 18:00:00, 401.400
07/15/2017 18:30:00, 458.900
07/15/2017 19:00:00, 426.400
07/15/2017 19:30:00, 376.000
07/15/2017 20:00:00, 334.300
07/15/2017 20:30:00, 247.800
07/15/2017 21:00:00, 186.000
07/15/2017 21:30:00, 172.000
07/15/2017 22:00:00, 132.900
07/15/2017 22:30:00, 94.800
07/15/2017 23:00:00, 61.320
07/15/2017 23:30:00, 41.050
07/16/2017 00:00:00, 26.160
07/16/2017 00:30:00, 10.580
07/16/2017 01:00:00, 6.923
07/16/2017 01:30:00, 4.971
07/16/2017 02:00:00, 3.105
07/16/2017 02:30:00, 2.839
07/16/2017 03:00:00, 3.486
07/16/2017 03:30:00, 7.253
07/16/2017 04:00:00, 12.540
07/16/2017 04:30:00, 15.980
07/16/2017 05:00:00, 20.570
07/16/2017 05:30:00, 39.710
07/16/2017 06:00:00, 51.830
07/16/2017 06:30:00, 73.790
07/16/2017 07:00:00, 84.200
07/16/2017 07:30:00, 60.860
07/16/2017 08:00:00, 105.900
07/16/2017 08:30:00, 68.450
07/16/2017 09:00:00, 79.610
07/16/2017 09:30:00, 99.700
07/16/2017 10:00:00, 124.500
07/16/2017 10:30:00, 126.300
07/16/2017 11:00:00, 66.910
07/16/2017 11:30:00, 98.400
07/16/2017 12:00:00, 64.910
07/16/2017 12:30:00, 110.200
07/16/2017 13:00:00, 226.700
07/16/2017 13:30:00, 199.700
07/16/2017 14:00:00, 150.600
07/16/2017 14:30:00, 369.400
07/16/2017 15:00:00, 289.200
07/16/2017 15:30:00, 300.500
07/16/2017 16:00:00, 254.800
07/16/2017 16:30:00, 149.600
07/16/2017 17:00:00, 306.300
07/16/2017 17:30:00, 254.500
07/16/2017 18:00:00, 96.700
07/16/2017 18:30:00, 16.080
07/16/2017 19:00:00, 25.210
07/16/2017 19:30:00, 63.760
07/16/2017 20:00:00, 42.710
07/16/2017 20:30:00, 33.930
07/16/2017 21:00:00, 30.330
07/16/2017 21:30:00, 69.830
07/16/2017 22:00:00, 66.170
07/16/2017 22:30:00, 48.340
07/16/2017 23:00:00, 38.640
07/16/2017 23:30:00, 23.880
07/17/2017 00:00:00, 13.090
07/17/2017 00:30:00, 11.290
07/17/2017 01:00:00, 7.573
07/17/2017 01:30:00, 8.190
07/17/2017 02:00:00, 7.859
07/17/2017 02:30:00, 7.607
07/17/2017 03:00:00, 6.912
07/17/2017 03:30:00, 6.947
07/17/2017 04:00:00, 7.191
07/17/2017 04:30:00, 11.780
07/17/2017 05:00:00, 15.390
07/17/2017 05:30:00, 13.870
07/17/2017 06:00:00, 20.420
07/17/2017 06:30:00, 31.080
07/17/2017 07:00:00, 37.480
07/17/2017 07:30:00, 62.520
07/17/2017 08:00:00, 62.900
07/17/2017 08:30:00, 73.930
07/17/2017 09:00:00, 76.020
07/17/2017 09:30:00, 154.100
07/17/2017 10:00:00, 355.700
07/17/2017 10:30:00, 315.700
07/17/2017 11:00:00, 230.700
07/17/2017 11:30:00, 512.000
07/17/2017 12:00:00, 287.700
07/17/2017 12:30:00, 228.500
07/17/2017 13:00:00, 428.200
07/17/2017 13:30:00, 264.300
07/17/2017 14:00:00, 152.300
07/17/2017 14:30:00, 185.300
07/17/2017 15:00:00, 461.800
07/17/2017 15:30:00, 300.700
07/17/2017 16:00:00, 335.600
07/17/2017 16:30:00, 190.600
07/17/2017 17:00:00, 157.800
07/17/2017 17:30:00, 182.400
07/17/2017 18:00:00, 435.800
07/17/2017 18:30:00, 585.600
07/17/2017 19:00:00, 546.800
07/17/2017 19:30:00, 325.800
07/17/2017 20:00:00, 170.300
07/17/2017 20:30:00, 131.300
07/17/2017 21:00:00, 108.200
07/17/2017 21:30:00, 73.500
07/17/2017 22:00:00, 99.900
07/17/2017 22:30:00, 140.700
07/17/2017 23:00:00, 88.800
07/17/2017 23:30:00, 55.210
07/18/2017 00:00:00, 36.960
07/18/2017 00:30:00, 18.620
07/18/2017 01:00:00, 9.530
07/18/2017 01:30:00, 5.130
07/18/2017 02:00:00, 4.188
07/18/2017 02:30:00, 3.912
07/18/2017 03:00:00, 4.877
07/18/2017 03:30:00, 6.669
07/18/2017 04:00:00, 10.800
07/18/2017 04:30:00, 29.740
07/18/2017 05:00:00, 36.560
07/18/2017 05:30:00, 51.010
07/18/2017 06:00:00, 55.050
07/18/2017 06:30:00, 79.030
07/18/2017 07:00:00, 170.500
07/18/2017 07:30:00, 216.100
07/18/2017 08:00:00, 200.500
07/18/2017 08:30:00, 167.500
07/18/2017 09:00:00, 206.100
07/18/2017 09:30:00, 364.500
07/18/2017 10:00:00, 430.900
07/18/2017 10:30:00, 472.400
07/18/2017 11:00:00, 514.500
07/18/2017 11:30:00, 553.800
07/18/2017 12:00:00, 600.200
07/18/2017 12:30:00, 709.300
07/18/2017 13:00:00, 481.200
07/18/2017 13:30:00, 427.000
07/18/2017 14:00:00, 461.400
07/18/2017 14:30:00, 512.600
07/18/2017 15:00:00, 392.800
07/18/2017 15:30:00, 412.900
07/18/2017 16:00:00, 241.100
07/18/2017 16:30:00, 346.900
07/18/2017 17:00:00, 520.200
07/18/2017 17:30:00, 498.300
07/18/2017 18:00:00, 122.400
07/18/2017 18:30:00, 58.020
07/18/2017 19:00:00, 31.910
07/18/2017 19:30:00, 18.200
07/18/2017 20:00:00, 14.330
07/18/2017 20:30:00, 19.470
07/18/2017 21:00:00, 36.580
07/18/2017 21:30:00, 43.700
07/18/2017 22:00:00, 27.270
07/18/2017 22:30:00, 26.080
07/18/2017 23:00:00, 23.980
07/18/2017 23:30:00, 13.280
07/19/2017 00:00:00, 6.073
07/19/2017 00:30:00, 10.750
07/19/2017 01:00:00, 3.790
07/19/2017 01:30:00, 2.277
07/19/2017 02:00:00, 1.677
07/19/2017 02:30:00, 1.675
07/19/2017 03:00:00, 2.111
07/19/2017 03:30:00, 2.265
07/19/2017 04:00:00, 4.073
07/19/2017 04:30:00, 11.610
07/19/2017 05:00:00, 24.420
07/19/2017 05:30:00, 35.880
07/19/2017 06:00:00, 36.560
07/19/2017 06:30:00, 43.210
07/19/2017 07:00:00, 61.800
07/19/2017 07:30:00, 81.900
07/19/2017 08:00:00, 105.900
07/19/2017 08:30:00, 128.600
07/19/2017 09:00:00, 170.000
07/19/2017 09:30:00, 316.900
07/19/2017 10:00:00, 486.900
07/19/2017 10:30:00, 484.200
07/19/2017 11:00:00, 507.800
07/19/2017 11:30:00, 544.900
07/19/2017 12:00:00, 577.400
07/19/2017 12:30:00, 624.900
07/19/2017 13:00:00, 474.000
07/19/2017 13:30:00, 584.600
07/19/2017 14:00:00, 250.500
07/19/2017 14:30:00, 171.400
07/19/2017 15:00:00, 59.320
07/19/2017 15:30:00, 43.380
07/19/2017 16:00:00, 99.600
07/19/2017 16:30:00, 211.000
07/19/2017 17:00:00, 620.300
07/19/2017 17:30:00, 703.700
07/19/2017 18:00:00, 641.300
07/19/2017 18:30:00, 504.600
07/19/2017 19:00:00, 419.300
07/19/2017 19:30:00, 154.600
07/19/2017 20:00:00, 152.800
07/19/2017 20:30:00, 121.000
07/19/2017 21:00:00, 104.000
07/19/2017 21:30:00, 84.600
07/19/2017 22:00:00, 34.390
07/19/2017 22:30:00, 19.800
07/19/2017 23:00:00, 7.751
07/19/2017 23:30:00, 0.845
07/20/2017 00:00:00, 3.043
07/20/2017 00:30:00, 4.548
07/20/2017 01:00:00, 2.912
07/20/2017 01:30:00, 1.083
07/20/2017 02:00:00, 0.415
07/20/2017 02:30:00, 0.681
07/20/2017 03:00:00, 0.506
07/20/2017 03:30:00, 1.092
07/20/2017 04:00:00, 3.266
07/20/2017 04:30:00, 7.031
07/20/2017 05:00:00, 17.430
07/20/2017 05:30:00, 20.260
07/20/2017 06:00:00, 17.830
07/20/2017 06:30:00, 32.570
07/20/2017 07:00:00, 36.880
07/20/2017 07:30:00, 26.460
07/20/2017 08:00:00, 41.310
07/20/2017 08:30:00, 44.420
07/20/2017 09:00:00, 31.160
07/20/2017 09:30:00, 36.720
07/20/2017 10:00:00, 46.470
07/20/2017 10:30:00, 65.980
07/20/2017 11:00:00, 86.600
07/20/2017 11:30:00, 67.080
07/20/2017 12:00:00, 33.150
07/20/2017 12:30:00, 40.780
07/20/2017 13:00:00, 37.660
07/20/2017 13:30:00, 84.700
07/20/2017 14:00:00, 122.700
07/20/2017 14:30:00, 126.500
07/20/2017 15:00:00, 103.600
07/20/2017 15:30:00, 156.300
07/20/2017 16:00:00, 119.200
07/20/2017 16:30:00, 118.300
07/20/2017 17:00:00, 92.300
07/20/2017 17:30:00, 76.520
07/20/2017 18:00:00, 94.800
07/20/2017 18:30:00, 77.070
07/20/2017 19:00:00, 128.100
07/20/2017 19:30:00, 111.300
07/20/2017 20:00:00, 118.700
07/20/2017 20:30:00, 77.150
07/20/2017 21:00:00, 56.130
07/20/2017 21:30:00, 26.540
07/20/2017 22:00:00, 32.780
07/20/2017 22:30:00, 24.900
07/20/2017 23:00:00, 12.680
07/20/2017 23:30:00, 13.140
07/21/2017 00:00:00, 9.710
07/21/2017 00:30:00, 4.220
07/21/2017 01:00:00, 3.017
07/21/2017 01:30:00, 2.342
07/21/2017 02:00:00, 1.647
07/21/2017 02:30:00, 1.560
07/21/2017 03:00:00, 1.606
07/21/2017 03:30:00, 2.213
07/21/2017 04:00:00, 3.617
07/21/2017 04:30:00, 6.756
07/21/2017 05:00:00, 9.830
07/21/2017 05:30:00, 16.890
07/21/2017 06:00:00, 25.460
07/21/2017 06:30:00, 43.830
07/21/2017 07:00:00, 51.560
07/21/2017 07:30:00, 56.190
07/21/2017 08:00:00, 120.200
07/21/2017 08:30:00, 147.800
07/21/2017 09:00:00, 148.800
07/21/2017 09:30:00, 328.500
07/21/2017 10:00:00, 255.100
07/21/2017 10:30:00, 376.700
07/21/2017 11:00:00, 276.900
07/21/2017 11:30:00, 511.800
07/21/2017 12:00:00, 316.700
07/21/2017 12:30:00, 354.400
07/21/2017 13:00:00, 414.500
07/21/2017 13:30:00, 465.000
07/21/2017 14:00:00, 426.200
07/21/2017 14:30:00, 785.400
07/21/2017 15:00:00, 701.300
07/21/2017 15:30:00, 696.200
07/21/2017 16:00:00, 636.200
07/21/2017 16:30:00, 638.000
07/21/2017 17:00:00, 602.100
07/21/2017 17:30:00, 559.300
07/21/2017 18:00:00, 528.700
07/21/2017 18:30:00, 445.000
07/21/2017 19:00:00, 365.300
07/21/2017 19:30:00, 312.500
07/21/2017 20:00:00, 148.400
07/21/2017 20:30:00, 123.500
07/21/2017 21:00:00, 66.140
07/21/2017 21:30:00, 80.000
07/21/2017 22:00:00, 37.290
07/21/2017 22:30:00, 31.420
07/21/2017 23:00:00, 19.710
07/21/2017 23:30:00, 9.190
07/22/2017 00:00:00, 8.090
07/22/2017 00:30:00, 3.705
07/22/2017 01:00:00, 2.382
07/22/2017 01:30:00, 1.213
07/22/2017 02:00:00, 0.594
07/22/2017 02:30:00, 0.605
07/22/2017 03:00:00, 0.700
07/22/2017 03:30:00, 0.755
07/22/2017 04:00:00, 1.421
07/22/2017 04:30:00, 0.210
07/22/2017 05:00:00, 2.644
07/22/2017 05:30:00, 3.563
07/22/2017 06:00:00, 3.641
07/22/2017 06:30:00, 8.640
07/22/2017 07:00:00, 7.334
07/22/2017 07:30:00, 10.960
07/22/2017 08:00:00, 19.470
07/22/2017 08:30:00, 33.200
07/22/2017 09:00:00, 44.610
07/22/2017 09:30:00, 68.940
07/22/2017 10:00:00, 79.120
07/22/2017 10:30:00, 70.390
07/22/2017 11:00:00, 54.220
07/22/2017 11:30:00, 57.980
07/22/2017 12:00:00, 50.840
07/22/2017 12:30:00, 65.090
07/22/2017 13:00:00, 84.200
07/22/2017 13:30:00, 76.940
07/22/2017 14:00:00, 67.380
07/22/2017 14:30:00, 61.670
07/22/2017 15:00:00, 74.480
07/22/2017 15:30:00, 53.980
07/22/2017 16:00:00, 61.650
07/22/2017 16:30:00, 54.520
07/22/2017 17:00:00, 50.330
07/22/2017 17:30:00, 55.400
07/22/2017 18:00:00, 124.800
07/22/2017 18:30:00, 79.120
07/22/2017 19:00:00, 67.380
07/22/2017 19:30:00, 69.910
07/22/2017 20:00:00, 72.320
07/22/2017 20:30:00, 53.240
07/22/2017 21:00:00, 33.640
07/22/2017 21:30:00, 22.850
07/22/2017 22:00:00, 17.760
07/22/2017 22:30:00, 17.580
07/22/2017 23:00:00, 14.370
07/22/2017 23:30:00, 12.880
07/23/2017 00:00:00, 4.898
07/23/2017 00:30:00, 5.051
07/23/2017 01:00:00, 1.632
07/23/2017 01:30:00, 0.485
07/23/2017 02:00:00, 0.378
07/23/2017 02:30:00, 0.502
07/23/2017 03:00:00, 0.497
07/23/2017 03:30:00, 2.536
07/23/2017 04:00:00, 4.467
07/23/2017 04:30:00, 4.221
07/23/2017 05:00:00, 9.730
07/23/2017 05:30:00, 20.500
07/23/2017 06:00:00, 39.060
07/23/2017 06:30:00, 61.840
07/23/2017 07:00:00, 75.370
07/23/2017 07:30:00, 66.770
07/23/2017 08:00:00, 88.300
07/23/2017 08:30:00, 115.700
07/23/2017 09:00:00, 101.800
07/23/2017 09:30:00, 123.000
07/23/2017 10:00:00, 133.100
07/23/2017 10:30:00, 152.100
07/23/2017 11:00:00, 159.200
07/23/2017 11:30:00, 105.100
07/23/2017 12:00:00, 123.800
07/23/2017 12:30:00, 183.200
07/23/2017 13:00:00, 114.200
07/23/2017 13:30:00, 131.300
07/23/2017 14:00:00, 91.000
07/23/2017 14:30:00, 100.700
07/23/2017 15:00:00, 132.200
07/23/2017 15:30:00, 75.790
07/23/2017 16:00:00, 90.100
07/23/2017 16:30:00, 70.020
07/23/2017 17:00:00, 86.700
07/23/2017 17:30:00, 98.100
07/23/2017 18:00:00, 114.300
07/23/2017 18:30:00, 100.000
07/23/2017 19:00:00, 112.900
07/23/2017 19:30:00, 89.200
07/23/2017 20:00:00, 58.970
07/23/2017 20:30:00, 32.880
07/23/2017 21:00:00, 20.170
07/23/2017 21:30:00, 31.040
07/23/2017 22:00:00, 20.090
07/23/2017 22:30:00, 15.900
07/23/2017 23:00:00, 19.640
07/23/2017 23:30:00, 9.730
07/24/2017 00:00:00, 12.660
07/24/2017 00:30:00, 9.800
07/24/2017 01:00:00, 8.160
07/24/2017 01:30:00, 3.792
07/24/2017 02:00:00, 1.397
07/24/2017 02:30:00, 0.755
07/24/2017 03:00:00, 0.651
07/24/2017 03:30:00, 1.205
07/24/2017 04:00:00, 1.996
07/24/2017 04:30:00, 1.546
07/24/2017 05:00:00, 3.962
07/24/2017 05:30:00, 7.014
07/24/2017 06:00:00, 11.590
07/24/2017 06:30:00, 14.850
07/24/2017 07:00:00, 28.680
07/24/2017 07:30:00, 53.060
07/24/2017 08:00:00, 62.000
07/24/2017 08:30:00, 66.010
07/24/2017 09:00:00, 85.400
07/24/2017 09:30:00, 72.420
07/24/2017 10:00:00, 46.480
07/24/2017 10:30:00, 109.400
07/24/2017 11:00:00, 203.500
07/24/2017 11:30:00, 303.000
07/24/2017 12:00:00, 310.300
07/24/2017 12:30:00, 232.600
07/24/2017 13:00:00, 171.400
07/24/2017 13:30:00, 134.400
07/24/2017 14:00:00, 188.700
07/24/2017 14:30:00, 239.400
07/24/2017 15:00:00, 221.500
07/24/2017 15:30:00, 193.100
07/24/2017 16:00:00, 216.700
07/24/2017 16:30:00, 218.700
07/24/2017 17:00:00, 226.100
07/24/2017 17:30:00, 103.900
07/24/2017 18:00:00, 108.200
07/24/2017 18:30:00, 92.800
07/24/2017 19:00:00, 73.510
07/24/2017 19:30:00, 56.840
07/24/2017 20:00:00, 43.840
07/24/2017 20:30:00, 38.770
07/24/2017 21:00:00, 35.660
07/24/2017 21:30:00, 29.740
07/24/2017 22:00:00, 22.200
07/24/2017 22:30:00, 11.410
07/24/2017 23:00:00, 8.370
07/24/2017 23:30:00, 9.580
07/25/2017 00:00:00, 10.990
07/25/2017 00:30:00, 4.202
07/25/2017 01:00:00, 1.833
07/25/2017 01:30:00, 1.417
07/25/2017 02:00:00, 1.596
07/25/2017 02:30:00, 1.116
07/25/2017 03:00:00, 1.262
07/25/2017 03:30:00, 1.523
07/25/2017 04:00:00, 2.378
07/25/2017 04:30:00, 4.717
07/25/2017 05:00:00, 11.840
07/25/2017 05:30:00, 16.070
07/25/2017 06:00:00, 29.900
07/25/2017 06:30:00, 54.210
07/25/2017 07:00:00, 83.000
07/25/2017 07:30:00, 107.500
07/25/2017 08:00:00, 119.100
07/25/2017 08:30:00, 156.100
07/25/2017 09:00:00, 176.200
07/25/2017 09:30:00, 230.200
07/25/2017 10:00:00, 231.400
07/25/2017 10:30:00, 338.300
07/25/2017 11:00:00, 290.400
07/25/2017 11:30:00, 231.700
07/25/2017 12:00:00, 325.100
07/25/2017 12:30:00, 236.100
07/25/2017 13:00:00, 226.200
07/25/2017 13:30:00, 180.300
07/25/2017 14:00:00, 280.600
07/25/2017 14:30:00, 409.500
07/25/2017 15:00:00, 485.400
07/25/2017 15:30:00, 427.800
07/25/2017 16:00:00, 324.300
07/25/2017 16:30:00, 205.700
07/25/2017 17:00:00, 183.000
07/25/2017 17:30:00, 462.500
07/25/2017 18:00:00, 378.700
07/25/2017 18:30:00, 272.500
07/25/2017 19:00:00, 246.400
07/25/2017 19:30:00, 218.000
07/25/2017 20:00:00, 188.900
07/25/2017 20:30:00, 115.300
07/25/2017 21:00:00, 84.500
07/25/2017 21:30:00, 64.400
07/25/2017 22:00:00, 54.250
07/25/2017 22:30:00, 23.620
07/25/2017 23:00:00, 13.630
07/25/2017 23:30:00, 8.970
07/26/2017 00:00:00, 5.697
07/26/2017 00:30:00, 3.178
07/26/2017 01:00:00, 1.708
07/26/2017 01:30:00, 3.023
07/26/2017 02:00:00, 2.176
07/26/2017 02:30:00, 0.958
07/26/2017 03:00:00, 1.253
07/26/2017 03:30:00, 2.026
07/26/2017 04:00:00, 1.837
07/26/2017 04:30:00, 2.838
07/26/2017 05:00:00, 5.449
07/26/2017 05:30:00, 13.970
07/26/2017 06:00:00, 17.250
07/26/2017 06:30:00, 34.560
07/26/2017 07:00:00, 42.130
07/26/2017 07:30:00, 55.250
07/26/2017 08:00:00, 109.900
07/26/2017 08:30:00, 188.600
07/26/2017 09:00:00, 217.700
07/26/2017 09:30:00, 234.600
07/26/2017 10:00:00, 222.100
07/26/2017 10:30:00, 219.400
07/26/2017 11:00:00, 171.300
07/26/2017 11:30:00, 207.400
07/26/2017 12:00:00, 260.500
07/26/2017 12:30:00, 218.800
07/26/2017 13:00:00, 152.100
07/26/2017 13:30:00, 133.600
07/26/2017 14:00:00, 180.900
07/26/2017 14:30:00, 232.400
07/26/2017 15:00:00, 304.200
07/26/2017 15:30:00, 290.500
07/26/2017 16:00:00, 282.600
07/26/2017 16:30:00, 341.600
07/26/2017 17:00:00, 287.700
07/26/2017 17:30:00, 234.700
07/26/2017 18:00:00, 177.200
07/26/2017 18:30:00, 155.400
07/26/2017 19:00:00, 147.500
07/26/2017 19:30:00, 132.200
07/26/2017 20:00:00, 108.800
07/26/2017 20:30:00, 100.800
07/26/2017 21:00:00, 84.000
07/26/2017 21:30:00, 68.670
07/26/2017 22:00:00, 52.460
07/26/2017 22:30:00, 31.530
07/26/2017 23:00:00, 20.410
07/26/2017 23:30:00, 15.250
07/27/2017 00:00:00, 13.120
07/27/2017 00:30:00, 4.103
07/27/2017 01:00:00, 1.615
07/27/2017 01:30:00, 0.614
07/27/2017 02:00:00, 0.408
07/27/2017 02:30:00, 0.300
07/27/2017 03:00:00, 0.053
07/27/2017 03:30:00, 0.975
07/27/2017 04:00:00, 3.041
07/27/2017 04:30:00, 6.794
07/27/2017 05:00:00, 33.980
07/27/2017 05:30:00, 64.450
07/27/2017 06:00:00, 88.500
07/27/2017 06:30:00, 112.500
07/27/2017 07:00:00, 140.100
07/27/2017 07:30:00, 175.800
07/27/2017 08:00:00, 220.400
07/27/2017 08:30:00, 268.400
07/27/2017 09:00:00, 315.500
07/27/2017 09:30:00, 361.600
07/27/2017 10:00:00, 406.400
07/27/2017 10:30:00, 452.500
07/27/2017 11:00:00, 493.400
07/27/2017 11:30:00, 540.000
07/27/2017 12:00:00, 578.000
07/27/2017 12:30:00, 542.500
07/27/2017 13:00:00, 271.400
07/27/2017 13:30:00, 512.100
07/27/2017 14:00:00, 344.600
07/27/2017 14:30:00, 379.600
07/27/2017 15:00:00, 489.000
07/27/2017 15:30:00, 354.400
07/27/2017 16:00:00, 265.300
07/27/2017 16:30:00, 234.300
07/27/2017 17:00:00, 201.700
07/27/2017 17:30:00, 237.300
07/27/2017 18:00:00, 245.400
07/27/2017 18:30:00, 288.700
07/27/2017 19:00:00, 298.100
07/27/2017 19:30:00, 287.500
07/27/2017 20:00:00, 101.900
07/27/2017 20:30:00, 84.500
07/27/2017 21:00:00, 85.500
07/27/2017 21:30:00, 64.680
07/27/2017 22:00:00, 35.950
07/27/2017 22:30:00, 57.970
07/27/2017 23:00:00, 60.070
07/27/2017 23:30:00, 23.010
07/28/2017 00:00:00, 18.060
07/28/2017 00:30:00, 6.457
07/28/2017 01:00:00, 1.727
07/28/2017 01:30:00, 0.825
07/28/2017 02:00:00, 0.003
07/28/2017 02:30:00, 0.032
07/28/2017 03:00:00, 0.578
07/28/2017 03:30:00, 1.326
07/28/2017 04:00:00, 3.391
07/28/2017 04:30:00, 6.951
07/28/2017 05:00:00, 23.080
07/28/2017 05:30:00, 51.590
07/28/2017 06:00:00, 81.000
07/28/2017 06:30:00, 108.400
07/28/2017 07:00:00, 140.400
07/28/2017 07:30:00, 175.600
07/28/2017 08:00:00, 220.100
07/28/2017 08:30:00, 265.800
07/28/2017 09:00:00, 314.100
07/28/2017 09:30:00, 363.200
07/28/2017 10:00:00, 412.700
07/28/2017 10:30:00, 447.600
07/28/2017 11:00:00, 497.700
07/28/2017 11:30:00, 537.200
07/28/2017 12:00:00, 571.100
07/28/2017 12:30:00, 599.100
07/28/2017 13:00:00, 621.900
07/28/2017 13:30:00, 640.900
07/28/2017 14:00:00, 652.000
07/28/2017 14:30:00, 645.700
07/28/2017 15:00:00, 652.900
07/28/2017 15:30:00, 623.200
07/28/2017 16:00:00, 581.600
07/28/2017 16:30:00, 615.500
07/28/2017 17:00:00, 567.100
07/28/2017 17:30:00, 545.500
07/28/2017 18:00:00, 432.500
07/28/2017 18:30:00, 339.800
07/28/2017 19:00:00, 198.900
07/28/2017 19:30:00, 183.300
07/28/2017 20:00:00, 268.400
07/28/2017 20:30:00, 277.400
07/28/2017 21:00:00, 221.900
07/28/2017 21:30:00, 174.500
07/28/2017 22:00:00, 133.200
07/28/2017 22:30:00, 93.700
07/28/2017 23:00:00, 64.490
07/28/2017 23:30:00, 43.460
07/29/2017 00:00:00, 22.070
07/29/2017 00:30:00, 5.306
07/29/2017 01:00:00, 1.343
07/29/2017 01:30:00, 0.125
07/29/2017 02:00:00, 0.032
07/29/2017 02:30:00, 0.488
07/29/2017 03:00:00, 0.357
07/29/2017 03:30:00, 1.300
07/29/2017 04:00:00, 2.993
07/29/2017 04:30:00, 6.199
07/29/2017 05:00:00, 15.270
07/29/2017 05:30:00, 34.240
07/29/2017 06:00:00, 63.710
07/29/2017 06:30:00, 90.900
07/29/2017 07:00:00, 105.200
07/29/2017 07:30:00, 128.900
07/29/2017 08:00:00, 207.500
07/29/2017 08:30:00, 224.000
07/29/2017 09:00:00, 307.000
07/29/2017 09:30:00, 313.600
07/29/2017 10:00:00, 382.200
07/29/2017 10:30:00, 398.500
07/29/2017 11:00:00, 368.900
07/29/2017 11:30:00, 406.800
07/29/2017 12:00:00, 372.000
07/29/2017 12:30:00, 212.000
07/29/2017 13:00:00, 553.600
07/29/2017 13:30:00, 468.300
07/29/2017 14:00:00, 354.900
07/29/2017 14:30:00, 434.000
07/29/2017 15:00:00, 438.600
07/29/2017 15:30:00, 238.000
07/29/2017 16:00:00, 151.400
07/29/2017 16:30:00, 129.400
07/29/2017 17:00:00, 115.600
07/29/2017 17:30:00, 250.200
07/29/2017 18:00:00, 306.500
07/29/2017 18:30:00, 314.000
07/29/2017 19:00:00, 330.700
07/29/2017 19:30:00, 163.600
07/29/2017 20:00:00, 134.900
07/29/2017 20:30:00, 103.300
07/29/2017 21:00:00, 194.500
07/29/2017 21:30:00, 190.000
07/29/2017 22:00:00, 79.240
07/29/2017 22:30:00, 26.840
07/29/2017 23:00:00, 29.140
07/29/2017 23:30:00, 2.156
07/30/2017 00:00:00, 0.388
07/30/2017 00:30:00, 0.001
07/30/2017 01:00:00, 0.169
07/30/2017 01:30:00, 0.016
07/30/2017 02:00:00, 0.287
07/30/2017 02:30:00, 0.000
07/30/2017 03:00:00, 0.000
07/30/2017 03:30:00, 0.412
07/30/2017 04:00:00, 1.689
07/30/2017 04:30:00, 2.928
07/30/2017 05:00:00, 3.953
07/30/2017 05:30:00, 4.445
07/30/2017 06:00:00, 9.100
07/30/2017 06:30:00, 16.230
07/30/2017 07:00:00, 19.130
07/30/2017 07:30:00, 31.480
07/30/2017 08:00:00, 42.100
07/30/2017 08:30:00, 52.930
07/30/2017 09:00:00, 60.920
07/30/2017 09:30:00, 80.100
07/30/2017 10:00:00, 98.500
07/30/2017 10:30:00, 125.000
07/30/2017 11:00:00, 127.300
07/30/2017 11:30:00, 197.500
07/30/2017 12:00:00, 215.500
07/30/2017 12:30:00, 224.900
07/30/2017 13:00:00, 256.000
07/30/2017 13:30:00, 206.400
07/30/2017 14:00:00, 215.300
07/30/2017 14:30:00, 239.700
07/30/2017 15:00:00, 196.000
07/30/2017 15:30:00, 234.000
07/30/2017 16:00:00, 269.200
07/30/2017 16:30:00, 323.900
07/30/2017 17:00:00, 294.600
07/30/2017 17:30:00, 230.000
07/30/2017 18:00:00, 205.900
07/30/2017 18:30:00, 207.600
07/30/2017 19:00:00, 181.400
07/30/2017 19:30:00, 150.500
07/30/2017 20:00:00, 147.300
07/30/2017 20:30:00, 142.000
07/30/2017 21:00:00, 159.400
07/30/2017 21:30:00, 154.900
07/30/2017 22:00:00, 111.900
07/30/2017 22:30:00, 68.120
07/30/2017 23:00:00, 55.760
07/30/2017 23:30:00, 20.490
07/31/2017 00:00:00, 5.607
07/31/2017 00:30:00, 1.470
07/31/2017 01:00:00, 0.159
07/31/2017 01:30:00, 0.000
07/31/2017 02:00:00, 0.000
07/31/2017 02:30:00, 0.000
07/31/2017 03:00:00, 0.182
07/31/2017 03:30:00, 0.635
07/31/2017 04:00:00, 0.654
07/31/2017 04:30:00, 4.560
07/31/2017 05:00:00, 11.720
07/31/2017 05:30:00, 44.880
07/31/2017 06:00:00, 84.000
07/31/2017 06:30:00, 83.600
07/31/2017 07:00:00, 53.420
07/31/2017 07:30:00, 139.800
07/31/2017 08:00:00, 212.100
07/31/2017 08:30:00, 257.700
07/31/2017 09:00:00, 305.700
07/31/2017 09:30:00, 351.600
07/31/2017 10:00:00, 380.000
07/31/2017 10:30:00, 379.600
07/31/2017 11:00:00, 373.400
07/31/2017 11:30:00, 368.000
07/31/2017 12:00:00, 296.400
07/31/2017 12:30:00, 136.000
07/31/2017 13:00:00, 137.700
07/31/2017 13:30:00, 195.700
07/31/2017 14:00:00, 190.800
07/31/2017 14:30:00, 176.200
07/31/2017 15:00:00, 259.500
07/31/2017 15:30:00, 212.300
07/31/2017 16:00:00, 256.800
07/31/2017 16:30:00, 218.400
07/31/2017 17:00:00, 143.400
07/31/2017 17:30:00, 218.300
07/31/2017 18:00:00, 239.200
07/31/2017 18:30:00, 243.200
07/31/2017 19:00:00, 308.500
07/31/2017 19:30:00, 143.300
07/31/2017 20:00:00, 91.500
07/31/2017 20:30:00, 98.700
07/31/2017 21:00:00, 126.200
07/31/2017 21:30:00, 88.200
07/31/2017 22:00:00, 37.110
07/31/2017 22:30:00, 17.370
07/31/2017 23:00:00, 6.953
07/31/2017 23:30:00, 2.354
08/01/2017 00:00:00, 0.619
08/01/2017 00:30:00, 0.000
08/01/2017 01:00:00, 0.000
08/01/2017 01:30:00, 0.000
08/01/2017 02:00:00, 0.000
08/01/2017 02:30:00, 0.000
08/01/2017 03:00:00, 0.000
08/01/2017 03:30:00, 0.000
08/01/2017 04:00:00, 0.000
08/01/2017 04:30:00, 0.306
08/01/2017 05:00:00, 5.485
08/01/2017 05:30:00, 4.269
08/01/2017 06:00:00, 4.565
08/01/2017 06:30:00, 20.690
08/01/2017 07:00:00, 14.430
08/01/2017 07:30:00, 12.230
08/01/2017 08:00:00, 12.410
08/01/2017 08:30:00, 28.580
08/01/2017 09:00:00, 43.600
08/01/2017 09:30:00, 61.730
08/01/2017 10:00:00, 79.230
08/01/2017 10:30:00, 70.910
08/01/2017 11:00:00, 74.690
08/01/2017 11:30:00, 131.000
08/01/2017 12:00:00, 197.900
08/01/2017 12:30:00, 252.900
08/01/2017 13:00:00, 276.300
08/01/2017 13:30:00, 297.800
08/01/2017 14:00:00, 507.800
08/01/2017 14:30:00, 696.000
08/01/2017 15:00:00, 598.800
08/01/2017 15:30:00, 522.600
08/01/2017 16:00:00, 591.700
08/01/2017 16:30:00, 376.200
08/01/2017 17:00:00, 272.000
08/01/2017 17:30:00, 277.300
08/01/2017 18:00:00, 239.800
08/01/2017 18:30:00, 207.600
08/01/2017 19:00:00, 162.500
08/01/2017 19:30:00, 214.000
08/01/2017 20:00:00, 155.900
08/01/2017 20:30:00, 153.400
08/01/2017 21:00:00, 82.400
08/01/2017 21:30:00, 56.730
08/01/2017 22:00:00, 44.510
08/01/2017 22:30:00, 47.510
08/01/2017 23:00:00, 40.900
08/01/2017 23:30:00, 23.810
08/02/2017 00:00:00, 9.100
08/02/2017 00:30:00, 0.565
08/02/2017 01:00:00, 0.039
08/02/2017 01:30:00, 0.000
08/02/2017 02:00:00, 0.000
08/02/2017 02:30:00, 0.000
08/02/2017 03:00:00, 0.000
08/02/2017 03:30:00, 0.000
08/02/2017 04:00:00, 0.001
08/02/2017 04:30:00, 0.894
08/02/2017 05:00:00, 5.184
08/02/2017 05:30:00, 19.920
08/02/2017 06:00:00, 39.290
08/02/2017 06:30:00, 38.110
08/02/2017 07:00:00, 60.030
08/02/2017 07:30:00, 56.220
08/02/2017 08:00:00, 46.220
08/02/2017 08:30:00, 46.310
08/02/2017 09:00:00, 217.200
08/02/2017 09:30:00, 287.600
08/02/2017 10:00:00, 93.100
08/02/2017 10:30:00, 190.900
08/02/2017 11:00:00, 284.500
08/02/2017 11:30:00, 198.200
08/02/2017 12:00:00, 158.600
08/02/2017 12:30:00, 259.700
08/02/2017 13:00:00, 283.000
08/02/2017 13:30:00, 565.500
08/02/2017 14:00:00, 688.200
08/02/2017 14:30:00, 230.100
08/02/2017 15:00:00, 243.500
08/02/2017 15:30:00, 151.400
08/02/2017 16:00:00, 216.000
08/02/2017 16:30:00, 213.600
08/02/2017 17:00:00, 178.600
08/02/2017 17:30:00, 145.700
08/02/2017 18:00:00, 51.730
08/02/2017 18:30:00, 76.800
08/02/2017 19:00:00, 96.800
08/02/2017 19:30:00, 80.100
08/02/2017 20:00:00, 112.600
08/02/2017 20:30:00, 44.510
08/02/2017 21:00:00, 20.260
08/02/2017 21:30:00, 16.440
08/02/2017 22:00:00, 12.140
08/02/2017 22:30:00, 19.500
08/02/2017 23:00:00, 6.704
08/02/2017 23:30:00, 4.001
08/03/2017 00:00:00, 1.253
08/03/2017 00:30:00, 0.444
08/03/2017 01:00:00, 0.000
08/03/2017 01:30:00, 0.014
08/03/2017 02:00:00, 0.000
08/03/2017 02:30:00, 0.000
08/03/2017 03:00:00, 0.000
08/03/2017 03:30:00, 0.029
08/03/2017 04:00:00, 0.122
08/03/2017 04:30:00, 0.583
08/03/2017 05:00:00, 4.330
08/03/2017 05:30:00, 9.750
08/03/2017 06:00:00, 16.460
08/03/2017 06:30:00, 30.410
08/03/2017 07:00:00, 44.420
08/03/2017 07:30:00, 50.350
08/03/2017 08:00:00, 80.900
08/03/2017 08:30:00, 135.200
08/03/2017 09:00:00, 150.600
08/03/2017 09:30:00, 91.100
08/03/2017 10:00:00, 175.800
08/03/2017 10:30:00, 170.700
08/03/2017 11:00:00, 123.100
08/03/2017 11:30:00, 148.800
08/03/2017 12:00:00, 156.200
08/03/2017 12:30:00, 134.300
08/03/2017 13:00:00, 154.700
08/03/2017 13:30:00, 133.000
08/03/2017 14:00:00, 94.900
08/03/2017 14:30:00, 137.000
08/03/2017 15:00:00, 159.000
08/03/2017 15:30:00, 134.500
08/03/2017 16:00:00, 185.200
08/03/2017 16:30:00, 174.000
08/03/2017 17:00:00, 117.700
08/03/2017 17:30:00, 125.600
08/03/2017 18:00:00, 96.500
08/03/2017 18:30:00, 73.990
08/03/2017 19:00:00, 56.780
08/03/2017 19:30:00, 92.400
08/03/2017 20:00:00, 57.610
08/03/2017 20:30:00, 56.120
08/03/2017 21:00:00, 36.140
08/03/2017 21:30:00, 16.890
08/03/2017 22:00:00, 13.640
08/03/2017 22:30:00, 19.060
08/03/2017 23:00:00, 14.820
08/03/2017 23:30:00, 3.641
08/04/2017 00:00:00, 0.682
08/04/2017 00:30:00, 0.149
08/04/2017 01:00:00, 0.000
08/04/2017 01:30:00, 0.012
08/04/2017 02:00:00, 0.000
08/04/2017 02:30:00, 0.000
08/04/2017 03:00:00, 0.000
08/04/2017 03:30:00, 0.362
08/04/2017 04:00:00, 0.758
08/04/2017 04:30:00, 2.227
08/04/2017 05:00:00, 4.276
08/04/2017 05:30:00, 8.000
08/04/2017 06:00:00, 19.310
08/04/2017 06:30:00, 30.210
08/04/2017 07:00:00, 53.480
08/04/2017 07:30:00, 74.960
08/04/2017 08:00:00, 105.700
08/04/2017 08:30:00, 135.600
08/04/2017 09:00:00, 310.000
08/04/2017 09:30:00, 242.800
08/04/2017 10:00:00, 371.200
08/04/2017 10:30:00, 331.600
08/04/2017 11:00:00, 264.000
08/04/2017 11:30:00, 420.600
08/04/2017 12:00:00, 524.200
08/04/2017 12:30:00, 581.700
08/04/2017 13:00:00, 587.700
08/04/2017 13:30:00, 612.800
08/04/2017 14:00:00, 624.600
08/04/2017 14:30:00, 627.900
08/04/2017 15:00:00, 625.100
08/04/2017 15:30:00, 612.800
08/04/2017 16:00:00, 597.100
08/04/2017 16:30:00, 553.500
08/04/2017 17:00:00, 558.000
08/04/2017 17:30:00, 512.500
08/04/2017 18:00:00, 472.800
08/04/2017 18:30:00, 427.900
08/04/2017 19:00:00, 385.000
08/04/2017 19:30:00, 333.400
08/04/2017 20:00:00, 282.100
08/04/2017 20:30:00, 231.800
08/04/2017 21:00:00, 185.300
08/04/2017 21:30:00, 140.300
08/04/2017 22:00:00, 101.500
08/04/2017 22:30:00, 62.600
08/04/2017 23:00:00, 37.490
08/04/2017 23:30:00, 13.370
08/05/2017 00:00:00, 2.052
08/05/2017 00:30:00, 0.054
08/05/2017 01:00:00, 0.000
08/05/2017 01:30:00, 0.000
08/05/2017 02:00:00, 0.000
08/05/2017 02:30:00, 0.000
08/05/2017 03:00:00, 0.000
08/05/2017 03:30:00, 0.000
08/05/2017 04:00:00, 0.148
08/05/2017 04:30:00, 1.472
08/05/2017 05:00:00, 5.113
08/05/2017 05:30:00, 17.250
08/05/2017 06:00:00, 39.210
08/05/2017 06:30:00, 56.110
08/05/2017 07:00:00, 56.940
08/05/2017 07:30:00, 125.800
08/05/2017 08:00:00, 91.700
08/05/2017 08:30:00, 291.800
08/05/2017 09:00:00, 291.300
08/05/2017 09:30:00, 205.900
08/05/2017 10:00:00, 180.400
08/05/2017 10:30:00, 227.100
08/05/2017 11:00:00, 243.400
08/05/2017 11:30:00, 456.900
08/05/2017 12:00:00, 290.300
08/05/2017 12:30:00, 262.400
08/05/2017 13:00:00, 270.300
08/05/2017 13:30:00, 430.800
08/05/2017 14:00:00, 334.200
08/05/2017 14:30:00, 361.300
08/05/2017 15:00:00, 427.100
08/05/2017 15:30:00, 352.300
08/05/2017 16:00:00, 334.100
08/05/2017 16:30:00, 310.100
08/05/2017 17:00:00, 386.800
08/05/2017 17:30:00, 378.100
08/05/2017 18:00:00, 157.900
08/05/2017 18:30:00, 113.800
08/05/2017 19:00:00, 151.700
08/05/2017 19:30:00, 104.400
08/05/2017 20:00:00, 43.040
08/05/2017 20:30:00, 8.620
08/05/2017 21:00:00, 18.170
08/05/2017 21:30:00, 15.920
08/05/2017 22:00:00, 5.499
08/05/2017 22:30:00, 5.049
08/05/2017 23:00:00, 3.263
08/05/2017 23:30:00, 1.937
08/06/2017 00:00:00, 0.894
08/06/2017 00:30:00, 0.197
08/06/2017 01:00:00, 0.000
08/06/2017 01:30:00, 0.000
08/06/2017 02:00:00, 0.000
08/06/2017 02:30:00, 0.000
08/06/2017 03:00:00, 0.048
08/06/2017 03:30:00, 0.076
08/06/2017 04:00:00, 0.282
08/06/2017 04:30:00, 0.864
08/06/2017 05:00:00, 2.417
08/06/2017 05:30:00, 4.654
08/06/2017 06:00:00, 15.970
08/06/2017 06:30:00, 25.850
08/06/2017 07:00:00, 31.380
08/06/2017 07:30:00, 59.910
08/06/2017 08:00:00, 70.690
08/06/2017 08:30:00, 85.800
08/06/2017 09:00:00, 181.200
08/06/2017 09:30:00, 147.400
08/06/2017 10:00:00, 206.300
08/06/2017 10:30:00, 203.700
08/06/2017 11:00:00, 174.300
08/06/2017 11:30:00, 151.400
08/06/2017 12:00:00, 152.100
08/06/2017 12:30:00, 201.900
08/06/2017 13:00:00, 453.400
08/06/2017 13:30:00, 494.100
08/06/2017 14:00:00, 431.100
08/06/2017 14:30:00, 465.200
08/06/2017 15:00:00, 544.800
08/06/2017 15:30:00, 258.000
08/06/2017 16:00:00, 352.600
08/06/2017 16:30:00, 304.200
08/06/2017 17:00:00, 423.000
08/06/2017 17:30:00, 147.000
08/06/2017 18:00:00, 156.300
08/06/2017 18:30:00, 155.000
08/06/2017 19:00:00, 104.700
08/06/2017 19:30:00, 167.100
08/06/2017 20:00:00, 140.000
08/06/2017 20:30:00, 117.000
08/06/2017 21:00:00, 100.000
08/06/2017 21:30:00, 93.900
08/06/2017 22:00:00, 45.120
08/06/2017 22:30:00, 26.810
08/06/2017 23:00:00, 17.790
08/06/2017 23:30:00, 9.390
08/07/2017 00:00:00, 1.228
08/07/2017 00:30:00, 0.119
08/07/2017 01:00:00, 0.000
08/07/2017 01:30:00, 0.000
08/07/2017 02:00:00, 0.000
08/07/2017 02:30:00, 0.000
08/07/2017 03:00:00, 0.000
08/07/2017 03:30:00, 0.000
08/07/2017 04:00:00, 0.000
08/07/2017 04:30:00, 0.768
08/07/2017 05:00:00, 3.187
08/07/2017 05:30:00, 9.890
08/07/2017 06:00:00, 28.510
08/07/2017 06:30:00, 39.820
08/07/2017 07:00:00, 57.720
08/07/2017 07:30:00, 72.230
08/07/2017 08:00:00, 134.800
08/07/2017 08:30:00, 175.400
08/07/2017 09:00:00, 153.300
08/07/2017 09:30:00, 237.000
08/07/2017 10:00:00, 323.200
08/07/2017 10:30:00, 233.900
08/07/2017 11:00:00, 453.100
08/07/2017 11:30:00, 488.700
08/07/2017 12:00:00, 420.700
08/07/2017 12:30:00, 582.700
08/07/2017 13:00:00, 544.900
08/07/2017 13:30:00, 589.200
08/07/2017 14:00:00, 567.900
08/07/2017 14:30:00, 464.400
08/07/2017 15:00:00, 581.900
08/07/2017 15:30:00, 351.200
08/07/2017 16:00:00, 603.200
08/07/2017 16:30:00, 446.300
08/07/2017 17:00:00, 426.100
08/07/2017 17:30:00, 195.300
08/07/2017 18:00:00, 145.800
08/07/2017 18:30:00, 295.400
08/07/2017 19:00:00, 161.800
08/07/2017 19:30:00, 115.500
08/07/2017 20:00:00, 175.900
08/07/2017 20:30:00, 260.600
08/07/2017 21:00:00, 75.130
08/07/2017 21:30:00, 52.210
08/07/2017 22:00:00, 14.250
08/07/2017 22:30:00, 10.900
08/07/2017 23:00:00, 11.780
08/07/2017 23:30:00, 2.168
08/08/2017 00:00:00, 0.000
08/08/2017 00:30:00, 0.006
08/08/2017 01:00:00, 0.000
08/08/2017 01:30:00, 0.000
08/08/2017 02:00:00, 0.000
08/08/2017 02:30:00, 0.000
08/08/2017 03:00:00, 0.000
08/08/2017 03:30:00, 0.000
08/08/2017 04:00:00, 0.000
08/08/2017 04:30:00, 0.037
08/08/2017 05:00:00, 2.226
08/08/2017 05:30:00, 10.370
08/08/2017 06:00:00, 24.600
08/08/2017 06:30:00, 57.470
08/08/2017 07:00:00, 58.660
08/08/2017 07:30:00, 78.650
08/08/2017 08:00:00, 95.000
08/08/2017 08:30:00, 99.400
08/08/2017 09:00:00, 129.900
08/08/2017 09:30:00, 179.400
08/08/2017 10:00:00, 258.300
08/08/2017 10:30:00, 253.100
08/08/2017 11:00:00, 282.400
08/08/2017 11:30:00, 338.200
08/08/2017 12:00:00, 343.100
08/08/2017 12:30:00, 338.400
08/08/2017 13:00:00, 337.200
08/08/2017 13:30:00, 339.400
08/08/2017 14:00:00, 367.500
08/08/2017 14:30:00, 390.800
08/08/2017 15:00:00, 314.800
08/08/2017 15:30:00, 299.300
08/08/2017 16:00:00, 271.000
08/08/2017 16:30:00, 238.300
08/08/2017 17:00:00, 251.600
08/08/2017 17:30:00, 230.500
08/08/2017 18:00:00, 218.700
08/08/2017 18:30:00, 226.900
08/08/2017 19:00:00, 247.400
08/08/2017 19:30:00, 223.300
08/08/2017 20:00:00, 216.400
08/08/2017 20:30:00, 110.100
08/08/2017 21:00:00, 50.990
08/08/2017 21:30:00, 44.560
08/08/2017 22:00:00, 71.750
08/08/2017 22:30:00, 42.300
08/08/2017 23:00:00, 13.130
08/08/2017 23:30:00, 5.724
08/09/2017 00:00:00, 0.000
08/09/2017 00:30:00, 0.000
08/09/2017 01:00:00, 0.000
08/09/2017 01:30:00, 0.282
08/09/2017 02:00:00, 0.000
08/09/2017 02:30:00, 0.000
08/09/2017 03:00:00, 0.000
08/09/2017 03:30:00, 0.000
08/09/2017 04:00:00, 0.000
08/09/2017 04:30:00, 0.019
08/09/2017 05:00:00, 1.756
08/09/2017 05:30:00, 8.550
08/09/2017 06:00:00, 14.260
08/09/2017 06:30:00, 83.000
08/09/2017 07:00:00, 127.300
08/09/2017 07:30:00, 161.300
08/09/2017 08:00:00, 179.300
08/09/2017 08:30:00, 146.500
08/09/2017 09:00:00, 116.000
08/09/2017 09:30:00, 152.400
08/09/2017 10:00:00, 153.300
08/09/2017 10:30:00, 157.400
08/09/2017 11:00:00, 224.000
08/09/2017 11:30:00, 195.900
08/09/2017 12:00:00, 465.300
08/09/2017 12:30:00, 292.900
08/09/2017 13:00:00, 194.000
08/09/2017 13:30:00, 213.000
08/09/2017 14:00:00, 339.000
08/09/2017 14:30:00, 476.000
08/09/2017 15:00:00, 526.800
08/09/2017 15:30:00, 375.700
08/09/2017 16:00:00, 411.100
08/09/2017 16:30:00, 341.900
08/09/2017 17:00:00, 302.200
08/09/2017 17:30:00, 219.800
08/09/2017 18:00:00, 314.700
08/09/2017 18:30:00, 255.300
08/09/2017 19:00:00, 196.300
08/09/2017 19:30:00, 135.700
08/09/2017 20:00:00, 124.300
08/09/2017 20:30:00, 116.600
08/09/2017 21:00:00, 60.290
08/09/2017 21:30:00, 43.220
08/09/2017 22:00:00, 24.570
08/09/2017 22:30:00, 13.270
08/09/2017 23:00:00, 5.014
08/09/2017 23:30:00, 1.686
08/10/2017 00:00:00, 0.000
08/10/2017 00:30:00, 0.103
08/10/2017 01:00:00, 0.000
08/10/2017 01:30:00, 0.000
08/10/2017 02:00:00, 0.000
08/10/2017 02:30:00, 0.000
08/10/2017 03:00:00, 0.000
08/10/2017 03:30:00, 0.000
08/10/2017 04:00:00, 0.000
08/10/2017 04:30:00, 0.777
08/10/2017 05:00:00, 2.331
08/10/2017 05:30:00, 6.753
08/10/2017 06:00:00, 12.640
08/10/2017 06:30:00, 16.610
08/10/2017 07:00:00, 19.630
08/10/2017 07:30:00, 39.940
08/10/2017 08:00:00, 59.830
08/10/2017 08:30:00, 189.900
08/10/2017 09:00:00, 280.400
08/10/2017 09:30:00, 316.100
08/10/2017 10:00:00, 355.100
08/10/2017 10:30:00, 375.900
08/10/2017 11:00:00, 422.600
08/10/2017 11:30:00, 466.300
08/10/2017 12:00:00, 462.600
08/10/2017 12:30:00, 530.500
08/10/2017 13:00:00, 590.900
08/10/2017 13:30:00, 586.200
08/10/2017 14:00:00, 507.300
08/10/2017 14:30:00, 335.500
08/10/2017 15:00:00, 273.500
08/10/2017 15:30:00, 239.200
08/10/2017 16:00:00, 155.300
08/10/2017 16:30:00, 142.100
08/10/2017 17:00:00, 139.600
08/10/2017 17:30:00, 95.400
08/10/2017 18:00:00, 96.000
08/10/2017 18:30:00, 112.000
08/10/2017 19:00:00, 116.700
08/10/2017 19:30:00, 98.900
08/10/2017 20:00:00, 95.600
08/10/2017 20:30:00, 57.650
08/10/2017 21:00:00, 37.910
08/10/2017 21:30:00, 15.910
08/10/2017 22:00:00, 9.620
08/10/2017 22:30:00, 8.690
08/10/2017 23:00:00, 5.652
08/10/2017 23:30:00, 1.227
08/11/2017 00:00:00, 0.316
08/11/2017 00:30:00, 0.000
08/11/2017 01:00:00, 0.000
08/11/2017 01:30:00, 0.000
08/11/2017 02:00:00, 0.000
08/11/2017 02:30:00, 0.000
08/11/2017 03:00:00, 0.000
08/11/2017 03:30:00, 0.000
08/11/2017 04:00:00, 0.000
08/11/2017 04:30:00, 0.000
08/11/2017 05:00:00, 0.065
08/11/2017 05:30:00, 3.092
08/11/2017 06:00:00, 10.140
08/11/2017 06:30:00, 30.050
08/11/2017 07:00:00, 36.550
08/11/2017 07:30:00, 125.300
08/11/2017 08:00:00, 168.500
08/11/2017 08:30:00, 210.300
08/11/2017 09:00:00, 259.000
08/11/2017 09:30:00, 309.400
08/11/2017 10:00:00, 343.500
08/11/2017 10:30:00, 403.400
08/11/2017 11:00:00, 440.200
08/11/2017 11:30:00, 478.500
08/11/2017 12:00:00, 515.300
08/11/2017 12:30:00, 549.600
08/11/2017 13:00:00, 574.200
08/11/2017 13:30:00, 587.900
08/11/2017 14:00:00, 603.900
08/11/2017 14:30:00, 566.200
08/11/2017 15:00:00, 646.100
08/11/2017 15:30:00, 641.000
08/11/2017 16:00:00, 601.200
08/11/2017 16:30:00, 452.000
08/11/2017 17:00:00, 158.100
08/11/2017 17:30:00, 392.400
08/11/2017 18:00:00, 170.500
08/11/2017 18:30:00, 378.000
08/11/2017 19:00:00, 351.800
08/11/2017 19:30:00, 274.100
08/11/2017 20:00:00, 154.400
08/11/2017 20:30:00, 178.800
08/11/2017 21:00:00, 105.700
08/11/2017 21:30:00, 55.770
08/11/2017 22:00:00, 35.420
08/11/2017 22:30:00, 36.130
08/11/2017 23:00:00, 8.160
08/11/2017 23:30:00, 0.935
08/12/2017 00:00:00, 0.000
08/12/2017 00:30:00, 0.000
08/12/2017 01:00:00, 0.000
08/12/2017 01:30:00, 0.000
08/12/2017 02:00:00, 0.000
08/12/2017 02:30:00, 0.000
08/12/2017 03:00:00, 0.000
08/12/2017 03:30:00, 0.000
08/12/2017 04:00:00, 0.000
08/12/2017 04:30:00, 0.000
08/12/2017 05:00:00, 0.610
08/12/2017 05:30:00, 5.587
08/12/2017 06:00:00, 21.270
08/12/2017 06:30:00, 66.330
08/12/2017 07:00:00, 87.000
08/12/2017 07:30:00, 92.800
08/12/2017 08:00:00, 146.800
08/12/2017 08:30:00, 219.300
08/12/2017 09:00:00, 248.400
08/12/2017 09:30:00, 275.300
08/12/2017 10:00:00, 325.200
08/12/2017 10:30:00, 392.200
08/12/2017 11:00:00, 355.700
08/12/2017 11:30:00, 216.300
08/12/2017 12:00:00, 289.100
08/12/2017 12:30:00, 308.400
08/12/2017 13:00:00, 401.500
08/12/2017 13:30:00, 336.100
08/12/2017 14:00:00, 255.500
08/12/2017 14:30:00, 268.200
08/12/2017 15:00:00, 275.700
08/12/2017 15:30:00, 184.400
08/12/2017 16:00:00, 108.500
08/12/2017 16:30:00, 96.200
08/12/2017 17:00:00, 75.740
08/12/2017 17:30:00, 74.390
08/12/2017 18:00:00, 58.580
08/12/2017 18:30:00, 65.180
08/12/2017 19:00:00, 49.720
08/12/2017 19:30:00, 36.050
08/12/2017 20:00:00, 33.230
08/12/2017 20:30:00, 29.510
08/12/2017 21:00:00, 17.070
08/12/2017 21:30:00, 10.770
08/12/2017 22:00:00, 7.476
08/12/2017 22:30:00, 4.459
08/12/2017 23:00:00, 1.084
08/12/2017 23:30:00, 0.170
08/13/2017 00:00:00, 0.000
08/13/2017 00:30:00, 0.000
08/13/2017 01:00:00, 0.000
08/13/2017 01:30:00, 0.000
08/13/2017 02:00:00, 0.000
08/13/2017 02:30:00, 0.000
08/13/2017 03:00:00, 0.000
08/13/2017 03:30:00, 0.000
08/13/2017 04:00:00, 0.000
08/13/2017 04:30:00, 0.000
08/13/2017 05:00:00, 0.334
08/13/2017 05:30:00, 1.137
08/13/2017 06:00:00, 3.120
08/13/2017 06:30:00, 6.393
08/13/2017 07:00:00, 11.460
08/13/2017 07:30:00, 16.590
08/13/2017 08:00:00, 23.550
08/13/2017 08:30:00, 41.490
08/13/2017 09:00:00, 52.680
08/13/2017 09:30:00, 69.840
08/13/2017 10:00:00, 75.920
08/13/2017 10:30:00, 72.450
08/13/2017 11:00:00, 59.590
08/13/2017 11:30:00, 61.780
08/13/2017 12:00:00, 80.700
08/13/2017 12:30:00, 131.200
08/13/2017 13:00:00, 97.400
08/13/2017 13:30:00, 99.500
08/13/2017 14:00:00, 88.300
08/13/2017 14:30:00, 96.300
08/13/2017 15:00:00, 98.200
08/13/2017 15:30:00, 102.700
08/13/2017 16:00:00, 83.500
08/13/2017 16:30:00, 81.200
08/13/2017 17:00:00, 69.150
08/13/2017 17:30:00, 73.660
08/13/2017 18:00:00, 67.940
08/13/2017 18:30:00, 70.850
08/13/2017 19:00:00, 64.810
08/13/2017 19:30:00, 56.930
08/13/2017 20:00:00, 30.230
08/13/2017 20:30:00, 24.100
08/13/2017 21:00:00, 20.810
08/13/2017 21:30:00, 16.090
08/13/2017 22:00:00, 15.050
08/13/2017 22:30:00, 7.398
08/13/2017 23:00:00, 3.665
08/13/2017 23:30:00, 0.739
08/14/2017 00:00:00, 0.078
08/14/2017 00:30:00, 0.000
08/14/2017 01:00:00, 0.000
08/14/2017 01:30:00, 0.000
08/14/2017 02:00:00, 0.000
08/14/2017 02:30:00, 0.000
08/14/2017 03:00:00, 0.000
08/14/2017 03:30:00, 0.000
08/14/2017 04:00:00, 0.017
08/14/2017 04:30:00, 0.323
08/14/2017 05:00:00, 0.563
08/14/2017 05:30:00, 1.948
08/14/2017 06:00:00, 4.737
08/14/2017 06:30:00, 12.070
08/14/2017 07:00:00, 20.490
08/14/2017 07:30:00, 28.450
08/14/2017 08:00:00, 38.730
08/14/2017 08:30:00, 48.560
08/14/2017 09:00:00, 63.550
08/14/2017 09:30:00, 79.850
08/14/2017 10:00:00, 88.900
08/14/2017 10:30:00, 102.000
08/14/2017 11:00:00, 91.700
08/14/2017 11:30:00, 96.100
08/14/2017 12:00:00, 147.100
08/14/2017 12:30:00, 141.400
08/14/2017 13:00:00, 136.700
08/14/2017 13:30:00, 178.700
08/14/2017 14:00:00, 188.400
08/14/2017 14:30:00, 157.900
08/14/2017 15:00:00, 291.500
08/14/2017 15:30:00, 243.400
08/14/2017 16:00:00, 298.500
08/14/2017 16:30:00, 242.800
08/14/2017 17:00:00, 257.400
08/14/2017 17:30:00, 240.900
08/14/2017 18:00:00, 133.500
08/14/2017 18:30:00, 83.800
08/14/2017 19:00:00, 81.400
08/14/2017 19:30:00, 48.340
08/14/2017 20:00:00, 36.130
08/14/2017 20:30:00, 34.640
08/14/2017 21:00:00, 43.330
08/14/2017 21:30:00, 21.350
08/14/2017 22:00:00, 14.330
08/14/2017 22:30:00, 5.203
08/14/2017 23:00:00, 1.640
08/14/2017 23:30:00, 0.257
08/15/2017 00:00:00, 0.000
08/15/2017 00:30:00, 0.000
08/15/2017 01:00:00, 0.000
08/15/2017 01:30:00, 0.000
08/15/2017 02:00:00, 0.000
08/15/2017 02:30:00, 0.000
08/15/2017 03:00:00, 0.000
08/15/2017 03:30:00, 0.000
08/15/2017 04:00:00, 0.000
08/15/2017 04:30:00, 0.000
08/15/2017 05:00:00, 0.099
08/15/2017 05:30:00, 2.085
08/15/2017 06:00:00, 4.891
08/15/2017 06:30:00, 11.200
08/15/2017 07:00:00, 17.840
08/15/2017 07:30:00, 17.340
08/15/2017 08:00:00, 48.780
08/15/2017 08:30:00, 133.500
08/15/2017 09:00:00, 129.100
08/15/2017 09:30:00, 151.900
08/15/2017 10:00:00, 124.500
08/15/2017 10:30:00, 122.100
08/15/2017 11:00:00, 110.900
08/15/2017 11:30:00, 151.400
08/15/2017 12:00:00, 169.300
08/15/2017 12:30:00, 216.900
08/15/2017 13:00:00, 305.900
08/15/2017 13:30:00, 237.600
08/15/2017 14:00:00, 268.500
08/15/2017 14:30:00, 190.000
08/15/2017 15:00:00, 271.600
08/15/2017 15:30:00, 307.600
08/15/2017 16:00:00, 197.000
08/15/2017 16:30:00, 152.500
08/15/2017 17:00:00, 105.200
08/15/2017 17:30:00, 69.670
08/15/2017 18:00:00, 77.650
08/15/2017 18:30:00, 53.960
08/15/2017 19:00:00, 48.870
08/15/2017 19:30:00, 42.890
08/15/2017 20:00:00, 31.580
08/15/2017 20:30:00, 26.280
08/15/2017 21:00:00, 21.310
08/15/2017 21:30:00, 15.610
08/15/2017 22:00:00, 7.099
08/15/2017 22:30:00, 4.776
08/15/2017 23:00:00, 1.330
08/15/2017 23:30:00, 0.175
08/16/2017 00:00:00, 0.000
08/16/2017 00:30:00, 0.000
08/16/2017 01:00:00, 0.000
08/16/2017 01:30:00, 0.000
08/16/2017 02:00:00, 0.000
08/16/2017 02:30:00, 0.000
08/16/2017 03:00:00, 0.000
08/16/2017 03:30:00, 0.000
08/16/2017 04:00:00, 0.000
08/16/2017 04:30:00, 0.000
08/16/2017 05:00:00, 0.000
08/16/2017 05:30:00, 1.398
08/16/2017 06:00:00, 8.200
08/16/2017 06:30:00, 40.940
08/16/2017 07:00:00, 48.110
08/16/2017 07:30:00, 54.520
08/16/2017 08:00:00, 54.230
08/16/2017 08:30:00, 82.400
08/16/2017 09:00:00, 126.100
08/16/2017 09:30:00, 189.000
08/16/2017 10:00:00, 237.700
08/16/2017 10:30:00, 136.600
08/16/2017 11:00:00, 120.900
08/16/2017 11:30:00, 358.700
08/16/2017 12:00:00, 386.500
08/16/2017 12:30:00, 568.300
08/16/2017 13:00:00, 511.200
08/16/2017 13:30:00, 312.600
08/16/2017 14:00:00, 532.300
08/16/2017 14:30:00, 469.600
08/16/2017 15:00:00, 361.600
08/16/2017 15:30:00, 290.200
08/16/2017 16:00:00, 517.800
08/16/2017 16:30:00, 534.900
08/16/2017 17:00:00, 500.400
08/16/2017 17:30:00, 466.400
08/16/2017 18:00:00, 427.500
08/16/2017 18:30:00, 383.600
08/16/2017 19:00:00, 339.100
08/16/2017 19:30:00, 248.300
08/16/2017 20:00:00, 233.000
08/16/2017 20:30:00, 189.800
08/16/2017 21:00:00, 173.300
08/16/2017 21:30:00, 103.200
08/16/2017 22:00:00, 46.060
08/16/2017 22:30:00, 7.782
08/16/2017 23:00:00, 3.341
08/16/2017 23:30:00, 0.077
08/17/2017 00:00:00, 0.000
08/17/2017 00:30:00, 0.000
08/17/2017 01:00:00, 0.000
08/17/2017 01:30:00, 0.000
08/17/2017 02:00:00, 0.000
08/17/2017 02:30:00, 0.000
08/17/2017 03:00:00, 0.000
08/17/2017 03:30:00, 0.051
08/17/2017 04:00:00, 0.000
08/17/2017 04:30:00, 0.161
08/17/2017 05:00:00, 0.170
08/17/2017 05:30:00, 0.459
08/17/2017 06:00:00, 2.478
08/17/2017 06:30:00, 10.220
08/17/2017 07:00:00, 29.640
08/17/2017 07:30:00, 23.240
08/17/2017 08:00:00, 24.740
08/17/2017 08:30:00, 59.780
08/17/2017 09:00:00, 253.000
08/17/2017 09:30:00, 152.500
08/17/2017 10:00:00, 142.100
08/17/2017 10:30:00, 239.500
08/17/2017 11:00:00, 327.200
08/17/2017 11:30:00, 248.700
08/17/2017 12:00:00, 224.800
08/17/2017 12:30:00, 343.700
08/17/2017 13:00:00, 279.100
08/17/2017 13:30:00, 307.100
08/17/2017 14:00:00, 362.400
08/17/2017 14:30:00, 363.800
08/17/2017 15:00:00, 400.400
08/17/2017 15:30:00, 240.000
08/17/2017 16:00:00, 271.600
08/17/2017 16:30:00, 60.920
08/17/2017 17:00:00, 158.900
08/17/2017 17:30:00, 127.600
08/17/2017 18:00:00, 202.000
08/17/2017 18:30:00, 475.300
08/17/2017 19:00:00, 188.200
08/17/2017 19:30:00, 115.700
08/17/2017 20:00:00, 74.680
08/17/2017 20:30:00, 91.400
08/17/2017 21:00:00, 86.200
08/17/2017 21:30:00, 98.700
08/17/2017 22:00:00, 59.900
08/17/2017 22:30:00, 26.440
08/17/2017 23:00:00, 9.180
08/17/2017 23:30:00, 0.655
08/18/2017 00:00:00, 0.000
08/18/2017 00:30:00, 0.000
08/18/2017 01:00:00, 0.000
08/18/2017 01:30:00, 0.000
08/18/2017 02:00:00, 0.062
08/18/2017 02:30:00, 0.627
08/18/2017 03:00:00, 0.196
08/18/2017 03:30:00, 0.009
08/18/2017 04:00:00, 0.088
08/18/2017 04:30:00, 0.111
08/18/2017 05:00:00, 0.000
08/18/2017 05:30:00, 0.174
08/18/2017 06:00:00, 1.596
08/18/2017 06:30:00, 7.203
08/18/2017 07:00:00, 12.670
08/18/2017 07:30:00, 23.360
08/18/2017 08:00:00, 45.030
08/18/2017 08:30:00, 41.850
08/18/2017 09:00:00, 47.630
08/18/2017 09:30:00, 66.220
08/18/2017 10:00:00, 79.760
08/18/2017 10:30:00, 104.500
08/18/2017 11:00:00, 162.700
08/18/2017 11:30:00, 172.400
08/18/2017 12:00:00, 152.400
08/18/2017 12:30:00, 178.600
08/18/2017 13:00:00, 239.500
08/18/2017 13:30:00, 338.000
08/18/2017 14:00:00, 547.700
08/18/2017 14:30:00, 446.800
08/18/2017 15:00:00, 373.900
08/18/2017 15:30:00, 241.900
08/18/2017 16:00:00, 238.100
08/18/2017 16:30:00, 188.000
08/18/2017 17:00:00, 241.600
08/18/2017 17:30:00, 220.600
08/18/2017 18:00:00, 84.300
08/18/2017 18:30:00, 63.720
08/18/2017 19:00:00, 50.680
08/18/2017 19:30:00, 17.060
08/18/2017 20:00:00, 75.570
08/18/2017 20:30:00, 46.290
08/18/2017 21:00:00, 45.150
08/18/2017 21:30:00, 59.400
08/18/2017 22:00:00, 22.020
08/18/2017 22:30:00, 7.965
08/18/2017 23:00:00, 0.878
08/18/2017 23:30:00, 0.000
08/19/2017 00:00:00, 0.000
08/19/2017 00:30:00, 0.190
08/19/2017 01:00:00, 0.000
08/19/2017 01:30:00, 0.000
08/19/2017 02:00:00, 0.000
08/19/2017 02:30:00, 0.000
08/19/2017 03:00:00, 0.000
08/19/2017 03:30:00, 0.003
08/19/2017 04:00:00, 0.000
08/19/2017 04:30:00, 0.000
08/19/2017 05:00:00, 0.090
08/19/2017 05:30:00, 2.220
08/19/2017 06:00:00, 5.639
08/19/2017 06:30:00, 10.620
08/19/2017 07:00:00, 26.010
08/19/2017 07:30:00, 31.910
08/19/2017 08:00:00, 49.890
08/19/2017 08:30:00, 71.790
08/19/2017 09:00:00, 95.400
08/19/2017 09:30:00, 139.700
08/19/2017 10:00:00, 169.900
08/19/2017 10:30:00, 192.200
08/19/2017 11:00:00, 158.300
08/19/2017 11:30:00, 176.900
08/19/2017 12:00:00, 222.500
08/19/2017 12:30:00, 197.300
08/19/2017 13:00:00, 161.600
08/19/2017 13:30:00, 181.400
08/19/2017 14:00:00, 125.700
08/19/2017 14:30:00, 139.000
08/19/2017 15:00:00, 136.300
08/19/2017 15:30:00, 102.700
08/19/2017 16:00:00, 89.200
08/19/2017 16:30:00, 74.880
08/19/2017 17:00:00, 47.660
08/19/2017 17:30:00, 129.900
08/19/2017 18:00:00, 172.700
08/19/2017 18:30:00, 124.100
08/19/2017 19:00:00, 136.700
08/19/2017 19:30:00, 111.200
08/19/2017 20:00:00, 67.930
08/19/2017 20:30:00, 44.530
08/19/2017 21:00:00, 33.420
08/19/2017 21:30:00, 23.750
08/19/2017 22:00:00, 11.580
08/19/2017 22:30:00, 5.613
08/19/2017 23:00:00, 0.857
08/19/2017 23:30:00, 0.012
08/20/2017 00:00:00, 0.000
08/20/2017 00:30:00, 0.000
08/20/2017 01:00:00, 0.000
08/20/2017 01:30:00, 0.000
08/20/2017 02:00:00, 0.000
08/20/2017 02:30:00, 0.000
08/20/2017 03:00:00, 0.000
08/20/2017 03:30:00, 0.000
08/20/2017 04:00:00, 0.000
08/20/2017 04:30:00, 0.000
08/20/2017 05:00:00, 0.000
08/20/2017 05:30:00, 0.329
08/20/2017 06:00:00, 1.357
08/20/2017 06:30:00, 3.576
08/20/2017 07:00:00, 7.748
08/20/2017 07:30:00, 27.480
08/20/2017 08:00:00, 31.870
08/20/2017 08:30:00, 80.700
08/20/2017 09:00:00, 72.380
08/20/2017 09:30:00, 113.600
08/20/2017 10:00:00, 135.300
08/20/2017 10:30:00, 140.500
08/20/2017 11:00:00, 140.300
08/20/2017 11:30:00, 167.100
08/20/2017 12:00:00, 193.400
08/20/2017 12:30:00, 169.000
08/20/2017 13:00:00, 202.600
08/20/2017 13:30:00, 161.500
08/20/2017 14:00:00, 188.100
08/20/2017 14:30:00, 204.700
08/20/2017 15:00:00, 191.700
08/20/2017 15:30:00, 196.100
08/20/2017 16:00:00, 241.600
08/20/2017 16:30:00, 248.700
08/20/2017 17:00:00, 225.700
08/20/2017 17:30:00, 180.000
08/20/2017 18:00:00, 294.300
08/20/2017 18:30:00, 139.900
08/20/2017 19:00:00, 126.200
08/20/2017 19:30:00, 88.200
08/20/2017 20:00:00, 34.610
08/20/2017 20:30:00, 23.530
08/20/2017 21:00:00, 35.180
08/20/2017 21:30:00, 28.230
08/20/2017 22:00:00, 12.220
08/20/2017 22:30:00, 5.996
08/20/2017 23:00:00, 0.959
08/20/2017 23:30:00, 0.000
08/21/2017 00:00:00, 0.000
08/21/2017 00:30:00, 0.000
08/21/2017 01:00:00, 0.000
08/21/2017 01:30:00, 0.000
08/21/2017 02:00:00, 0.000
08/21/2017 02:30:00, 0.000
08/21/2017 03:00:00, 0.000
08/21/2017 03:30:00, 0.000
08/21/2017 04:00:00, 0.000
08/21/2017 04:30:00, 0.000
08/21/2017 05:00:00, 0.000
08/21/2017 05:30:00, 0.000
08/21/2017 06:00:00, 1.249
08/21/2017 06:30:00, 10.390
08/21/2017 07:00:00, 52.150
08/21/2017 07:30:00, 91.300
08/21/2017 08:00:00, 56.760
08/21/2017 08:30:00, 85.200
08/21/2017 09:00:00, 126.500
08/21/2017 09:30:00, 132.600
08/21/2017 10:00:00, 179.200
08/21/2017 10:30:00, 267.800
08/21/2017 11:00:00, 215.400
08/21/2017 11:30:00, 209.100
08/21/2017 12:00:00, 209.300
08/21/2017 12:30:00, 243.200
08/21/2017 13:00:00, 243.100
08/21/2017 13:30:00, 236.900
08/21/2017 14:00:00, 266.800
08/21/2017 14:30:00, 171.800
08/21/2017 15:00:00, 197.400
08/21/2017 15:30:00, 292.300
08/21/2017 16:00:00, 360.700
08/21/2017 16:30:00, 343.500
08/21/2017 17:00:00, 320.300
08/21/2017 17:30:00, 370.300
08/21/2017 18:00:00, 321.600
08/21/2017 18:30:00, 179.100
08/21/2017 19:00:00, 148.300
08/21/2017 19:30:00, 106.400
08/21/2017 20:00:00, 81.600
08/21/2017 20:30:00, 122.500
08/21/2017 21:00:00, 125.500
08/21/2017 21:30:00, 64.100
08/21/2017 22:00:00, 14.400
08/21/2017 22:30:00, 5.579
08/21/2017 23:00:00, 0.232
08/21/2017 23:30:00, 0.000
08/22/2017 00:00:00, 0.000
08/22/2017 00:30:00, 0.000
08/22/2017 01:00:00, 0.000
08/22/2017 01:30:00, 0.000
08/22/2017 02:00:00, 0.000
08/22/2017 02:30:00, 0.000
08/22/2017 03:00:00, 0.000
08/22/2017 03:30:00, 0.000
08/22/2017 04:00:00, 0.000
08/22/2017 04:30:00, 0.000
08/22/2017 05:00:00, 0.000
08/22/2017 05:30:00, 0.000
08/22/2017 06:00:00, 2.366
08/22/2017 06:30:00, 10.440
08/22/2017 07:00:00, 38.380
08/22/2017 07:30:00, 83.700
08/22/2017 08:00:00, 112.100
08/22/2017 08:30:00, 171.000
08/22/2017 09:00:00, 222.600
08/22/2017 09:30:00, 172.700
08/22/2017 10:00:00, 245.600
08/22/2017 10:30:00, 237.500
08/22/2017 11:00:00, 271.300
08/22/2017 11:30:00, 286.500
08/22/2017 12:00:00, 398.300
08/22/2017 12:30:00, 473.200
08/22/2017 13:00:00, 470.400
08/22/2017 13:30:00, 498.600
08/22/2017 14:00:00, 392.100
08/22/2017 14:30:00, 483.400
08/22/2017 15:00:00, 550.100
08/22/2017 15:30:00, 557.500
08/22/2017 16:00:00, 352.000
08/22/2017 16:30:00, 254.100
08/22/2017 17:00:00, 208.900
08/22/2017 17:30:00, 137.700
08/22/2017 18:00:00, 73.600
08/22/2017 18:30:00, 54.510
08/22/2017 19:00:00, 83.000
08/22/2017 19:30:00, 61.600
08/22/2017 20:00:00, 62.560
08/22/2017 20:30:00, 98.700
08/22/2017 21:00:00, 53.090
08/22/2017 21:30:00, 17.650
08/22/2017 22:00:00, 12.890
08/22/2017 22:30:00, 1.333
08/22/2017 23:00:00, 0.204
08/22/2017 23:30:00, 0.000
08/23/2017 00:00:00, 0.000
08/23/2017 00:30:00, 0.000
08/23/2017 01:00:00, 0.000
08/23/2017 01:30:00, 0.000
08/23/2017 02:00:00, 0.000
08/23/2017 02:30:00, 0.000
08/23/2017 03:00:00, 0.000
08/23/2017 03:30:00, 0.000
08/23/2017 04:00:00, 0.000
08/23/2017 04:30:00, 0.000
08/23/2017 05:00:00, 0.000
08/23/2017 05:30:00, 0.068
08/23/2017 06:00:00, 2.301
08/23/2017 06:30:00, 12.540
08/23/2017 07:00:00, 20.180
08/23/2017 07:30:00, 40.980
08/23/2017 08:00:00, 62.550
08/23/2017 08:30:00, 81.400
08/23/2017 09:00:00, 153.100
08/23/2017 09:30:00, 211.900
08/23/2017 10:00:00, 211.900
08/23/2017 10:30:00, 294.400
08/23/2017 11:00:00, 177.000
08/23/2017 11:30:00, 184.300
08/23/2017 12:00:00, 175.000
08/23/2017 12:30:00, 163.500
08/23/2017 13:00:00, 311.500
08/23/2017 13:30:00, 403.300
